24838	PWMP *andap	0
31232	PPh *sapat	0
25461	PAN *bilaŋ₁	0
27325	PAN *paRa₁	0
32732	PPh *siám	0
25870	PAN *Cakaw	0
27034	PWMP *li(ŋ)gis	0
26494	PAN *ina	0
27643	PAN *qasawa	0
33384	PPh *dáwat	0
25751	PWMP *burik	0
32249	PMP *talu₂	0
30198	PPh *dakél	0
27912	PAN *quzaN	0
32150	PPh *típun	0
30184	PPh *dalág	0
31136	PMP *saqebit	0
30630	PAN *piliq	0
25074	PMP *baliw₁	0
30723	PAN *pitu₁	0
30777	PAN *sikux	0
31305	PPh *sil(e)qáb	0
30267	PAN *gaCel	0
25367	PAN *betak	0
28814	PAN *ñamñam	0
32721	PPh *haq(e)muq	0
28247	PAN *siNaR	0
30741	PMP *tulak	0
30738	PWMP *laŋuy	0
28681	PAN *utaq	0
26260	PPh *habél	0
31011	PPh *sawsáw	0
30517	PAN *depah	0
30396	PAN *pakpak₁	0
27842	PAN *qubaN	0
33875	PPh *súman	0
32515	PWMP *pada	0
30193	PAN *daqaN	0
28117	PAN *Sapuy	0
30365	PAN *lima	0
25515	PAN *biRbiR	0
28580	PMP *uak₁	0
32040	PAN *ta-₁	0
32088	PWMP *timbaŋ	0
32268	PPh *tebéR	0
25930	PAN *Cubuq	0
28321	PAN *supsup	0
30558	PAN *duSa	0
33407	PPh *águm	0
32042	PPh *taq₁	0
29831	PAN *baseq	0
32708	PPh *saŋi	0
31050	PPh *siq(e)rip	0
31023	PWMP *sikat	0
32710	PPh *labas	0
26289	PMP *hapejes	0
27559	PAN *qaCi	0
30439	PAN *zalan	0
27867	PAN *quluh	0
28853	PPh *ísip	0
26299	PMP *hasaŋ	0
28674	PAN *qusiR	0
28601	PWMP *ugaliq	0
31434	PWMP *siŋir	0
28395	PWMP *taq(e)baŋ	0
30921	PMP *taqun	0
30254	PAN *dilaq₁	0
31660	PPh *kápuy	0
30603	PAN *kaen	0
31443	PPh *sikap₁	0
25010	PAN *bakes₁	0
29848	PMP *pikit	0
30104	PWMP *lutuq	0
32924	PMP *laban₂	0
27333	PWMP *paria	0
31374	PAN *pa-₂	0
31049	PWMP *sikaŋ	0
30077	PAN *bayu	0
25666	PWMP *bulaŋ	0
27379	PWMP *paŋpaŋ	0
25035	PWMP *balatuŋ	0
30377	PAN *takut	0
26455	PAN *ikuR	0
27799	PMP *qipil	0
31074	PWMP *sabeqa	0
27296	PWMP *panit	0
30553	PWMP *lakay	0
30692	PAN *deŋeR	0
25842	PMP *buŋkul	0
30459	PAN *kuCux	0
30771	PAN *Rusuk	0
25863	PPh *bítay	0
25774	PAN *busuR₁	0
30474	PAN *pajay	0
29830	PAN *bajaq₁	0
30378	PAN *CaNem	0
27869	PAN *quman	0
30453	PAN *susu₁	1
28839	PAN *ŋitŋit₁	0
33998	PPh *bákal	0
26111	PAN *-en	0
25931	PAN *CugCug₁	0
27494	PMP *punas	0
27645	PAN *qaSelu	0
30165	PAN *manuk	0
30612	PWMP *dapit	0
31323	PPh *taga-	0
27905	PMP *qutaŋ	0
29876	PAN *tageRaŋ	0
25746	PMP *buRbuR₁	0
30007	PMP *bayaD	0
31567	PWMP *sipat	0
25768	PAN *buSuk	0
30257	PAN *ŋipen	0
28543	PMP *tuluy₁	0
33390	PWMP *zuliŋ	0
32739	PPh *pinsan	0
24794	PAN *alaq₁	0
31704	PWMP *kaya	0
26404	PPh *hílut	0
29851	PAN *batux	0
31000	PAN *seksek₁	0
31771	PMP *ka₄	0
27566	PMP *qalejaw	0
27605	PAN *qaniS	0
30768	PMP *pusuq₁	0
26390	PMP *hutek	0
31942	PWMP *kuan₂	0
27256	PMP *palaqpaq	0
30230	PAN *dalem	0
28155	PMP *sakay₁	0
32049	PWMP *tabeq	0
32725	PPh *lánut	0
30421	PPh *pílit	0
30154	PAN *puluq₁	0
31252	PPh *subuk₂	0
31148	PPh *sudsud₂	0
31124	PMP *likuq	0
32070	PWMP *tubuŋ	0
31053	PWMP *baŋkay	0
25341	PMP *beReqat	0
25881	PAN *Caqi	0
26916	PMP *laña	0
28133	PAN *Sawak	0
31250	PPh *súbuq	0
27029	PWMP *liŋu	0
27619	PAN *qanup	0
28069	PMP *sabaŋ₁	0
30478	PMP *sual	0
32627	PPh *páluŋ	0
25619	PMP *buhat₃	0
25008	PAN *bakbak₂	0
25613	PWMP *bugbug	0
30712	PAN *suksuk	0
27323	PMP *para	0
24922	PMP *awaŋ	0
30287	PAN *daRaq	0
32947	PWMP *lahuk	0
24755	PPh *abay	0
27859	PAN *qulej	0
33427	PPh *báwiq	0
26389	PMP *huRuŋ	0
28218	PPh *sidáq	0
31068	PPh *taqul	0
27860	PAN *qules₁	0
28495	PAN *timij	0
28277	PAN *iŋ(e)pis	0
24839	PPh *qábut	0
31224	PMP *suja	0
33667	PPh *dulaŋ	0
32061	PMP *tabun₂	0
25692	PMP *buluŋ₂	0
28265	PAN *SiRup	0
27649	PAN *qasiN	0
31008	PPh *simsím	0
30852	PWMP *puspus₁	0
30382	PWMP *kua₂	0
30381	PAN *daNum	0
28735	PAN *walu	0
32758	PWMP *payuŋ	0
24786	PAN *ai₂	0
31774	PMP *kapay	0
26993	PWMP *libut	0
31022	PPh *sikát	0
28643	PMP *unah	0
30318	PAN *mujiŋ	0
30605	PAN *pijax	0
27663	PMP *qatep	0
30393	PAN *ŋajan	0
27921	PWMP *qinut	0
27295	PMP *paniki	0
27265	PWMP *paletik	0
24773	PAN *aCay	0
27902	PAN *quSuŋ	0
29843	PMP *diŋdiŋ₁	0
31755	PMP *kazaŋ₂	0
31066	PPh *sukáy	0
30624	PWMP *dilat	0
32688	PPh *sabuŋ₂	0
32573	PMP *peket	0
27923	PAN *Rabiqi	0
25334	PAN *beRas	0
24834	PAN *aNak	0
32046	PWMP *tabas₂	0
31078	PWMP *sigay	0
26503	PMP *inum	0
30315	PAN *kuSkuS₁	0
26050	PPh *dúdun	1
31649	PPh *kalába	0
30492	PAN *kalih	0
33546	PPh *hábuŋ	0
25885	PAN *Cazem	0
27847	PAN *qudaŋ	0
28294	PAN *Suaji	0
27854	PAN *qujiŋ	0
33172	PPh *nisnís	0
31040	PPh *salúp	0
30259	PPh *paypáy	0
26872	PMP *laki₁	0
29918	PMP *pahuq₁	0
32143	PPh *tantán	0
31280	PWMP *suRat	0
31237	PPh *sedsed₂	0
27754	PAN *qetaq	0
32535	PPh *patáw	0
30012	PAN *paheku	0
33454	PPh *gáqud	0
30531	PAN *kaSiw	0
31675	PMP *kepkep	0
24809	PAN *amax	0
31919	PPh *kulili	1
28623	PMP *uliq₁	0
25642	PWMP *bukel	0
27742	PWMP *qepah	0
26448	PAN *ijan	0
30132	PAN *paqiC	0
26562	PWMP *itik₂	0
30482	PAN *duma	0
25175	PAN *baRiuS	0
25440	PWMP *bihaR	0
30408	PAN *likaw	0
29839	PWMP *bayaw	0
31230	PPh *saliŋsíŋ	0
30713	PWMP *suŋsuŋ₁	0
28087	PAN *saksak₁	0
30731	PMP *sakit	0
33373	PPh *dáyaw	0
30944	PMP *saŋa₁	0
27564	PAN *qalad	0
31680	PMP *kulut	0
28718	PMP *wada	0
25636	PMP *buka	0
28573	PWMP *tu(ŋ)kab	0
31177	PPh *samsám	0
31259	PMP *saq(e)buR	0
26557	PAN *ita₁	0
27429	PAN *pikpik	0
25962	PMP *dalikan	0
30361	PMP *tuluŋ	0
25730	PAN *buqaya	0
29865	PWMP *leñej	0
32971	PPh *luk(e)súh	0
31272	PWMP *sugi	0
31253	PWMP *sukat	0
33604	PPh *aRama	0
24796	PAN *ala	0
30472	PAN *luSeq	0
33455	PPh *gebáq	0
27266	PWMP *pale(n)tik	0
31621	PPh *kab(e)lít	0
28317	PAN *Suni	0
28226	PAN *Siket	0
30878	PWMP *guyud₃	0
30572	PMP *putiq	0
30302	PAN *kawil₁	0
30216	PAN *baSaw	0
24864	PAN *apu	0
25826	PAN *buŋa	0
31342	PWMP *sabit	0
30744	PMP *taytay	0
33726	PPh *alaŋ	0
29847	PAN *panaq	0
24831	PAN *amin	0
30830	PAN *maCa	0
24954	PWMP *aŋkat	0
31677	PAN *kiskis	0
25551	PAN *bituqen	0
30604	PMP *dapuR₁	0
30955	PAN *tuzuq₁	0
31279	PPh *súput	0
25935	PAN *CumeS	0
30671	PAN *SeReC	0
26653	PAN *kapkap	0
31180	PAN *saqit	0
26357	PMP *hipaR₁	0
26713	PAN *keNa	0
32104	PWMP *tapay	0
30124	PMP *datu	0
27249	PMP *palaj₁	0
30866	PWMP *sumpaq	0
27079	PMP *lu(ŋ)kas	0
26473	PAN *iluR₂	0
30173	PAN *daŋdaŋ₁	0
31922	PWMP *kapal	0
24890	PAN *asu₁	0
28670	PPh *ugtu	0
30680	PMP *giliŋ	0
25883	PAN *Cau	0
25651	PMP *bukut	0
28293	PAN *Suab	0
25469	PMP *bili	0
25439	PPh *big(e)láq	0
31843	PWMP *kuskus₂	0
30190	PMP *niuR	0
25658	PAN *bulaN	0
25196	PMP *batek	0
31425	PWMP *saŋgaq	0
26425	PAN *ibaS	0
33268	PPh *láyug	0
30886	PPh *getget₂	0
24957	PMP *aŋkup₁	0
30923	PAN *-ku	0
30653	PMP *luas₁	0
30583	PAN *NiSawa	0
25239	PAN *baŋuN	0
31125	PAN *sabsab	0
30753	PAN *telu	0
33360	PPh *minsan	0
31215	PWMP *suruŋ	0
30908	PAN *zawa₂	0
31624	PAN *kawayan	0
27710	PAN *qañud	0
30186	PAN *peNuq	0
30416	PMP *maja	0
32226	PAN *tastas	0
30442	PMP *zaqit	0
25203	PPh *baybáy	0
30010	PAN *dapaN	0
31246	PPh *sípiŋ	0
31093	PWMP *saweqaq	1
33033	PPh *lamán	0
28187	PAN *Sepat	0
32665	PPh *pusít	0
25465	PWMP *bilin	0
30719	PPh *dítaq	0
24792	PAN *aku	0
31067	PWMP *tadtad	0
31821	PMP *kiDkiD	0
26428	PMP *ibeR	0
31614	PWMP *kaban₂	0
30589	PAN *ŋaŋa₂	1
30928	PAN *si₁	0
31202	PMP *sagu₁	0
25647	PAN *bukij	0
30703	PWMP *sulit₁	0
26820	PAN *kupit	0
32286	PPh *talagá	0
33426	PPh *bawas	0
25140	PAN *baqeRuh	0
32602	PMP *luslus	0
32943	PMP *lebleb₂	0
31143	PPh *dúyan	0
31079	PMP *siwaŋ	0
25129	PMP *banua	0
28668	PAN *huRaC	0
27843	PMP *qubi	0
25205	PMP *bayuR	0
33383	PWMP *damay	0
26846	PWMP *kutkut₁	0
25053	PAN *bales₁	0
31176	PWMP *salin	0
27538	PAN *qabaRa₁	0
25876	PAN *Capa	0
31182	PPh *sáysay	0
26553	PAN *iSu	0
30839	PAN *pukpuk	0
25340	PAN *beRek	0
27609	PAN *qaNiŋu	0
25624	PWMP *buhis	0
31676	PPh *kilaw₁	0
27622	PAN *qapejux	0
30301	PAN *kabit₁	0
28288	PMP *siŋ(e)qit	0
30647	PMP *luaq	0
26533	PAN *isa₁	0
31184	PWMP *sapsap	0
25761	PAN *buRuk	0
31357	PWMP *laja	0
25147	PAN *baRaq₁	0
30879	PMP *Ramut₁	0
31194	PAN *sipit	0
25481	PAN *bineSiq	0
33731	PPh *buR(e)túŋ	0
31791	PWMP *ketket	0
31875	PPh *kili-kíli	0
32712	PPh *lúbid	0
31295	PMP *kemel	0
26359	PMP *hipun₁	0
25645	PAN *bukeS	0
26345	PPh *hig(e)pít	0
33683	PPh *halhál	0
25828	PWMP *buŋbuŋ₁	0
26395	PMP *huy	0
27404	PAN *pespes	0
32545	PWMP *pelpel	0
30389	PAN *sepsep	0
28129	PAN *Sasaq	0
30568	PMP *pusej	0
30411	PAN *luluN	1
25081	PWMP *baliŋbiŋ	0
30443	PAN *zaRum	0
31610	PWMP *teRep	0
27792	PMP *qina	0
28690	PWMP *utus₂	0
25722	PAN *buNuq₂	0
26328	PMP *hemis	0
31179	PMP *saput₁	0
24772	PAN *aCas	0
28537	PAN *tuktuk₁	0
28595	PMP *udehi	0
30856	PAN *Nipis	0
26614	PAN *kakak	1
25142	PAN *baRah	0
28073	PWMP *sabuD	0
30818	PWMP *zuŋzuŋ	0
25700	PMP *bunbun	0
27913	PMP *quzuŋ	0
27659	PAN *qataq	0
25267	PMP *bekas₃	0
25294	PMP *belbel₁	0
28070	PWMP *sabeD	0
28153	PAN *saŋeday	0
32740	PAN *puluŋ	0
30552	PMP *lakaw	0
27650	PMP *qasiq	0
30815	PAN *paen	0
25528	PMP *bisbis	0
25773	PMP *busuk	0
30916	PMP *lebiq	0
30905	PMP *liaŋ	0
30859	PMP *Rabuk	0
31167	PAN *kepit	0
25516	PMP *birbir₁	0
30031	PWMP *kaRem	0
25843	PWMP *buŋkus	0
31265	PWMP *siaŋ	0
31388	PWMP *sandaŋ	0
25689	PMP *bulu₁	0
30875	PWMP *alaŋ-alaŋ₁	0
27202	PAN *Niwaŋ	0
33338	PWMP *mayaŋ	0
27868	PAN *qumah	0
25312	PWMP *benaŋ	0
32059	PWMP *tabtab₁	0
27626	PAN *qapucuk	0
25841	PMP *buŋkuk	1
32246	PMP *tutur₁	1
30335	PAN *lubaŋ₁	0
25873	PAN *CaliS	0
28656	PMP *upaq	0
28421	PWMP *takup₁	0
25652	PMP *bukuh	0
30865	PMP *taqen	0
32149	PMP *tiŋtiŋ	0
25144	PMP *baRani	0
26547	PAN *isi₅	0
26652	PAN *kapit	0
29858	PMP *gila	0
30358	PAN *Raya	0
26314	PMP *haŋin	0
27568	PWMP *qalesem	0
30151	PMP *deŋan	0
27878	PMP *qunej	0
27805	PMP *ma-iRaq	0
31386	PWMP *sambut₂	0
30290	PAN *naNaq	0
32516	PWMP *padaŋ	0
26449	PMP *ijuŋ	0
32206	PWMP *galiŋ	0
25313	PMP *bena	0
31489	PMP *sabuR	0
30395	PAN *ŋilu	0
30849	PMP *pulut	0
32091	PWMP *timbun	0
31953	PWMP *kuŋkuŋ₄	0
31255	PAN *suRuq₂	0
30668	PMP *salaq₁	0
32130	PWMP *tuŋaw₁	0
32166	PAN *taktak₁	0
27819	PMP *qitem	0
30114	PWMP *baŋkudu	0
25286	PAN *belaq	0
30638	PMP *limut	0
25917	PAN *tiktik₁	0
31618	PAN *kaSu	0
30461	PMP *kunij	0
27732	PAN *qemqem	0
32336	PAN *taku₂	0
25618	PMP *buhat₂	0
30935	PWMP *pasaŋ₂	0
30971	PWMP *gasiŋ	0
26414	PAN *ian₂	0
25306	PAN *beli	0
30407	PAN *laŋiC	0
25706	PMP *buntal	0
30452	PMP *suluq	0
25887	PAN *Caŋis	0
26579	PWMP *izuk	0
24793	PAN *alap	0
31145	PMP *kubkub₂	0
26107	PAN *enem	0
25837	PMP *buŋkaR	0
32181	PMP *teReb	0
30447	PAN *gemgem	0
30100	PAN *duRi	0
32550	PMP *pipis₂	1
30783	PAN *tuqaS	0
30957	PWMP *tuRut	0
31087	PAN *pitpit₂	0
30965	PMP *taRuq	0
30857	PWMP *pulpul₁	0
27816	PAN *qiSu	0
26385	PWMP *humbak	0
25597	PAN *buCa	0
27721	PMP *qelaŋ	0
31095	PWMP *selat	0
25732	PMP *buqaŋ	0
31679	PMP *kuDkuD	0
25744	PAN *buRaw	0
27563	PMP *qajeŋ	0
30699	PMP *suqan	0
29862	PAN *kuden	0
30369	PAN *layaR	0
27820	PAN *qitik₁	0
30701	PMP *sumpit	0
30779	PMP *tindaw	0
27612	PWMP *qantatadu	1
27810	PMP *qiris	0
30880	PMP *teRas	0
30546	PAN *Caqu	0
25704	PAN *buNi	0
33988	PMP *remuk	0
27582	PAN *qalu-Sipan	0
26383	PWMP *hukay	0
31394	PWMP *saŋkalan	0
30973	PWMP *genep	0
29932	PAN *daki	0
25875	PAN *CaluN	0
32618	PWMP *pezem	0
31601	PAN *kaka₂	1
28110	PAN *SapaR	0
25775	PAN *busuR₂	0
25787	PMP *buteliR	0
30330	PAN *Rumaq	0
25436	PWMP *bidaŋ	0
32278	PAN *tuktuk₃	0
30268	PAN *laCeŋ	0
24981	PAN *babuy₃	1
30303	PAN *kawit	0
32409	PWMP *tumpaq	0
26505	PMP *inzak	0
32220	PWMP *tuaq	0
30222	PAN *dakep	0
32267	PMP *tak	0
30424	PAN *susuN	1
26241	PAN *gutgut₁	0
25000	PMP *bahu	0
26132	PAN *esa	0
27636	PMP *qaRsam	0
26590	PMP *iŋat	0
30494	PAN *kaRaC	0
25262	PAN *bejbej₁	0
31385	PWMP *sabuŋ₁	0
28161	PAN *sebuS	0
24875	PMP *aRuhu	0
25135	PMP *baqagi	0
30752	PMP *saŋelaR	0
31597	PAN *ka- -an₁	0
30359	PMP *tiRis	0
30576	PMP *Rumbia	0
25590	PAN *bubu₂	1
28254	PAN *Sipi	0
30745	PWMP *tunas	0
24830	PMP *ampun	0
31002	PAN *tektek₁	0
30391	PAN *guSam	0
30337	PAN *RaCus	0
30864	PMP *Rakit	0
25399	PAN *beŋbeŋ₂	0
24800	PMP *aliq	0
30652	PMP *luqar	0
30901	PAN *tenun	1
31930	PMP *keRas	0
30187	PAN *peñu	0
31896	PAN *-meCaq	0
30400	PAN *peRes	0
31153	PWMP *bagay	0
30522	PWMP *letub	0
30847	PWMP *zuRu	0
28372	PMP *tamaq₁	0
25348	PMP *beRkes	0
30883	PWMP *bakul₁	0
28610	PMP *ukir	0
32131	PMP *tutuŋ	1
30842	PWMP *pulaŋ	0
28159	PAN *SebaN	0
31013	PMP *silaw	0
30481	PMP *zariŋ	0
31732	PMP *kikik	1
30934	PMP *pasaŋ₁	0
32062	PMP *tabuq	0
27689	PWMP *qayam₃	0
25432	PAN *biCuka	0
25480	PMP *binaŋa	0
32127	PWMP *tuaŋ₁	0
27623	PMP *qa(m)pelas	0
31111	PWMP *selsel₂	0
25544	PMP *bities	0
31683	PWMP *kuruŋ	0
32243	PMP *tulus	0
30239	PAN *danaw	0
32926	PWMP *layaŋ₁	0
25527	PMP *biRu	0
32949	PMP *lapis	0
27708	PMP *qa(m)pus	0
30749	PMP *puket₁	0
30759	PAN *tubah	0
30554	PWMP *laklak	0
25156	PMP *baRa₂	0
24992	PMP *bagal	0
26335	PMP *heReŋ	0
32978	PMP *leŋa	0
29849	PMP *bataŋ	0
27555	PAN *qaCay	0
25634	PMP *bukal₁	0
25562	PMP *biŋkas	0
27168	PWMP *mu(n)cuŋ	0
25576	PAN *buaq	0
32041	PAN *-ta	0
32281	PMP *tuzu	0
28745	PAN *waRi₁	0
31415	PWMP *saruŋ	0
25272	PMP *bekelaj	0
24851	PAN *-an	0
26098	PMP *empu	0
30925	PAN *kilala	1
28227	PWMP *siksik₁	0
32647	PWMP *putus₂	0
30888	PAN *kelem	0
25321	PMP *bener	0
30963	PMP *garis	0
27586	PMP *qambat	0
26356	PWMP *hinzam	0
30231	PMP *dapdap₁	0
28182	PAN *Semay	0
25171	PAN *baReq	0
30401	PAN *piSpiS	0
31396	PWMP *saŋkut	0
25353	PWMP *beRtiq	0
27670	PMP *qatuan	0
31482	PWMP *suliŋ	0
31418	PWMP *sempit	0
32090	PWMP *timbul	0
25357	PMP *beRŋi	0
26131	PMP *esak	0
27366	PWMP *paŋguŋ	0
33980	PMP *rapet	0
31220	PMP *sapu	0
30854	PAN *putput₁	0
31070	PAN *tutuh	1
28702	PWMP *uzi	0
28200	PAN *Seyup	0
30607	PMP *taneq	0
25365	PAN *besuR	0
30621	PAN *dekeC	0
32981	PAN *litlit	0
25207	PMP *ba₁	0
30399	PAN *peReq	0
27760	PMP *qezen	0
24947	PMP *-a₂	0
24779	PWMP *adu	0
31609	PMP *tuqu₂	0
28373	PAN *tama₁	0
28067	PAN *SabaRat	0
30846	PAN *punay	0
25598	PAN *buCbuC	0
30200	PMP *lawi₁	0
31767	PMP *kubu	0
31199	PWMP *sama	0
30573	PAN *tebuS	0
30128	PAN *-matek	0
25504	PAN *biRaq₁	0
32145	PMP *telen	0
30273	PAN *tabaN	0
33340	PMP *-mu	0
31575	PAN *amu	0
27207	PAN *-nu₁	0
25150	PAN *baRat₁	0
31159	PWMP *sepaq	0
27316	PMP *paraqu	0
29975	PWMP *bates	0
30961	PAN *garaŋ₁	0
25293	PMP *belaŋ₂	0
30927	PAN *ni	0
28642	PAN *<um>	0
24873	PAN *aRi	0
25013	PAN *bakuŋ₁	0
31574	PAN *ami	0
28328	PAN *SuRas	0
31413	PWMP *salay	0
27932	PMP *Rakut	0
31075	PWMP *sabut	0
31161	PAN *Siwa	0
26308	PWMP *hayun	0
25398	PAN *beŋbeŋ₁	0
30177	PMP *qadep	0
28211	PAN *seŋseŋ	0
30247	PAN *keRet	0
30822	PWMP *pihak	0
32951	PAN *lapaq	0
27289	PMP *panaw₁	0
30820	PAN *garuC	0
26528	PMP *iriŋ₁	0
32044	PWMP *tabaR	0
25777	PWMP *busuŋ	0
27910	PMP *qutut	1
31004	PMP *siksik₂	0
31573	PWMP *kaban₁	0
30618	PAN *damaR₁	0
26441	PMP *ida	0
31197	PAN *sapay	0
32265	PAN *CuŋCuŋ	0
32773	PAN *pasuk	0
31446	PMP *simpaŋ	0
25191	PWMP *basbas₃	0
26499	PWMP *indu	0
30289	PAN *kuliC	0
29882	PWMP *bakehaw	0
25973	PAN *daSdaS	0
32258	PWMP *terus	0
30776	PMP *sawa	0
27380	PAN *paŋudaN	0
32132	PMP *tutup₁	1
30536	PAN *liseqeS	0
26027	PMP *-di	0
33292	PMP *Rapus	0
32987	PMP *lepit₂	0
25050	PAN *balbal₁	0
26507	PAN *<in>	0
25208	PMP *ba₂	0
25686	PAN *buluq₂	0
25072	PWMP *baliuŋ	0
32980	PMP *limun	0
29855	PMP *daRat	0
27903	PMP *qusuŋ	0
31120	PMP *laŋkaq₁	0
25218	PMP *baŋa₂	0
30672	PWMP *geteq	0
26304	PWMP *hataq	0
30966	PWMP *saluR	0
25007	PMP *bakbak₁	0
30911	PAN *ma-₁	0
25177	PMP *baRiw	0
31752	PWMP *kampil	0
27475	PAN *puduN	0
31009	PAN *tuked	0
25484	PWMP *bintaŋuR	0
32941	PWMP *landak	0
32266	PAN *Cuzuq	0
25464	PMP *bilik	0
30348	PWMP *timeRaq	0
25414	PMP *beŋkuŋ	0
25157	PMP *bara₁	0
31811	PMP *kapak	0
26581	PAN *i₁	0
30532	PMP *kima	0
30269	PAN *lebeŋ₁	0
28224	PAN *Sikan	0
30938	PAN *di	0
30994	PAN *tusuk	0
26380	PWMP *hu(ŋ)kab	0
27309	PWMP *paqit₁	0
27769	PWMP *qiaŋ	0
30376	PAN *palu₃	0
30817	PMP *tambak₂	0
32260	PMP *timpaŋ	0
26586	PMP *-i₂	0
26608	PMP *kabu-kabu	0
28253	PAN *Sipes	0
25043	PAN *balaŋa	0
27700	PWMP *qaŋ(e)sej	0
25172	PAN *baRija	0
28713	PWMP *uRsa	0
32574	PMP *pisaw	0
25167	PMP *baraŋ₁	0
27750	PAN *qesak	0
30314	PMP *kilap	0
30810	PMP *pules	0
25594	PMP *bubuŋ₁	1
30983	PAN *keRaŋ₃	0
27502	PMP *pupu₁	1
30642	PMP *papan	1
27597	PAN *qaNiCu	0
25057	PWMP *balian	0
31788	PMP *kedeŋ	0
25534	PMP *bisul	0
28789	PMP *zaŋan₁	0
28592	PWMP *udahik	0
25493	PWMP *binuaŋ	0
25401	PMP *beŋel	0
28424	PAN *tebek	0
25796	PWMP *butiti	1
25733	PMP *buqbuq	0
30794	PAN *kita₂	0
25570	PMP *biŋkuŋ	0
25031	PWMP *balaRen	0
25020	PWMP *baladaw	0
25099	PMP *balu₄	0
27904	PWMP *qutas	0
26693	PMP *kaŋ	0
27796	PWMP *qinit	0
28722	PMP *wahiR	0
28112	PAN *Sapejiq	0
29870	PMP *puqun	0
25060	PMP *baliji	0
27851	PWMP *qudud	1
30885	PWMP *getget₁	0
27581	PAN *qaluR₁	0
27802	PMP *qi(m)pun	0
25472	PMP *biluk	0
25925	PAN *CiŋaS	0
28199	PAN *Seyaq	0
26474	PWMP *ilu	0
27165	PAN *muRmuR	0
24836	PAN *aNay	0
28574	PWMP *tukad₁	0
30922	PMP *tasik	0
27271	PAN *paliSi	0
27772	PAN *qiCeluR	0
25138	PMP *baqbaq	0
25221	PAN *baŋbaŋ₂	0
27362	PAN *paŋa₁	0
30397	PAN *paqa₁	0
27491	PWMP *puliŋ₂	0
28285	PMP *si(n)duk	0
30357	PAN *liqeR	0
30440	PMP *zaqat	0
29866	PMP *nepuq	0
25251	PAN *beCik	0
28696	PWMP *uyun₁	0
26459	PMP *ilah	0
26928	PAN *laŋu	0
30384	PAN *kuja	0
27688	PWMP *qayam₂	0
27722	PAN *qeleC	0
28130	PAN *SateD	0
27160	PAN *mula	0
26290	PMP *hapejis	0
30951	PMP *sumaŋed	0
30700	PWMP *seput	0
26582	PAN *i₂	0
25725	PWMP *bunut₂	0
28624	PWMP *uliq₂	0
25679	PMP *buliR	0
30733	PAN *tuduR	0
25563	PWMP *biŋkay	0
25635	PWMP *bukaw	0
27759	PAN *qetut	1
30526	PAN *punti₁	0
25665	PAN *bulaw	0
30409	PAN *likud	0
28298	PMP *sudu	0
27662	PMP *qateluR	0
30533	PAN *tiaN	0
25968	PMP *daqu₁	0
30496	PMP *kamaliR	0
28309	PAN *SuluR	0
27712	PAN *qeCah	0
27784	PMP *qila	0
25487	PMP *bintiq	0
28583	PMP *uaʔ	0
28330	PMP *surup₁	0
30574	PMP *teka₁	0
25361	PMP *besiq	0
27554	PAN *qabu	0
27889	PMP *ququs	1
28750	PWMP *wasay	0
26986	PAN *lekab	0
30457	PMP *kasaw₁	0
30429	PMP *lalej	1
31083	PWMP *bakan	0
25307	PMP *beluk	0
30449	PAN *peceq₁	0
30936	PWMP *pasiR	0
25555	PMP *biŋaq	0
25391	PMP *beŋaq	0
25670	PAN *buled₁	0
24853	PMP *apa₁	0
30739	PAN *Naŋuy	0
25351	PMP *beRsay	0
27756	PMP *qeti₁	0
30225	PMP *tawan	0
30131	PMP *paqet	0
29861	PWMP *kiday	0
29837	PWMP *basuŋ	0
27562	PAN *qajaw	0
27294	PAN *paNij	0
27768	PAN *qia	0
29860	PWMP *kiray	0
26298	PMP *haRezan	0
31307	PMP *sulsul₁	0
26255	PWMP *gu(m)pit	0
30209	PMP *nusa₁	0
27285	PMP *panahik	0
28770	PAN *wiRi	0
31935	PWMP *kabal₂	0
24974	PAN *babaw₃	1
31383	PAN *wanaN	0
30907	PMP *mamaq	1
33751	PMP *ikay	0
27354	PWMP *patuŋ	0
25607	PWMP *budiŋ	0
26859	PAN *ku(ŋ)kuŋ	0
32064	PMP *tabuqan	0
30748	PMP *nipaq	0
26628	PMP *kalumpaŋ	0
25075	PAN *baliw₂	0
30206	PAN *lahud	0
27692	PMP *qazay	0
29888	PMP *uduq₂	0
31203	PWMP *sagu₂	0
25076	PMP *balizi	0
26723	PMP *keriqik	0
27844	PMP *qubuj	0
24943	PMP *a₃	0
25758	PWMP *buRnay	0
25961	PMP *dalij	0
25265	PAN *bekas₁	0
25767	PMP *busbus	0
31335	PWMP *lupiq	0
26745	PMP *keŋkeŋ₃	0
30174	PMP *laqia	0
30636	PAN *taRaq₁	0
27788	PWMP *qiliR	0
29856	PMP *dekdek	0
33296	PMP *ua₂	0
27795	PAN *qinep	0
31225	PMP *teken	0
25462	PMP *bileR	0
30915	PAN *labiq	0
32189	PWMP *tadu	0
30948	PAN *pa₁	0
27620	PMP *qapah	0
27368	PWMP *paŋi	0
30702	PMP *suli₁	0
26301	PMP *hasek₁	0
33395	POC *motus	0
27886	PMP *qunzur	0
31044	PWMP *sawaŋ₂	0
27850	PAN *qudip₁	0
30202	PEMP *maluRu	0
25602	PMP *budaq₁	0
27337	PAN *paRiS	0
27045	PMP *lujan	0
28763	PEMP *wa(n)se	0
25264	PMP *bekaq	0
26694	PMP *kebit	0
32922	PMP *laba	0
31132	PMP *kebkeb₁	0
31364	PMP *Risiq	0
30586	PMP *taqay	0
27359	PMP *paŋan	0
27419	PMP *picik	0
30427	PAN *demdem₂	0
29883	PMP *tepeŋ₁	0
27657	PMP *qasu₃	0
32839	PMP *baŋkaq	0
28075	PAN *SadiRi	0
27672	POC *qatun	0
28436	PMP *tekas	0
30891	POC *tape₁	0
30519	PMP *lumut	0
25754	PMP *burit₁	0
25677	PMP *buliq₁	0
27875	PMP *qumun	0
26945	PMP *leku	0
25661	PAN *bulaR₁	0
26754	PAN *kiaw	0
30559	PMP *kiRay	0
30641	POC *sipo	0
28676	POC *uso	0
27441	PMP *pirit	0
30456	PMP *zuRuq	0
25737	PMP *buqeni	0
25799	PMP *butun	0
29845	PMP *kaway₂	0
29846	PMP *gaway₁	0
25936	PAN *CuNuh	0
30089	POC *ŋau₁	0
25946	PAN *-Cu	0
30145	POC *ŋuRuR	1
30473	POC *mana₂	0
27733	PAN *qenay	0
30430	PAN *laŋaw	0
25039	PMP *balay	0
27133	POC *bebe	1
33746	PMP *dikiq	0
27898	PAN *quSeNap	0
26159	PMP *eŋgem	0
32196	PMP *taŋkay	0
31395	PMP *sakay₄	0
28743	PMP *waRej	0
32175	PMP *talisay	0
26615	PAN *kak	1
27675	PAN *qauR	0
25908	PAN *CeRab	0
32992	PMP *leŋkuŋ	0
25801	PCEMP *butu₂	0
30821	PCEMP *liŋi	0
24997	PAN *baSaq	0
24968	PMP *babaq₁	1
30787	PMP *kuRapu	0
26194	PMP *gasgas	0
30781	PMP *tiRem	0
28029	PMP *Risi	0
27837	POC *qoso	0
30162	PMP *dahun	0
27569	PMP *qaliliŋ	1
25632	PAN *bujeq₁	0
30648	POC *Ruqa	0
28274	PAN *Si-₁	0
27172	PAN *najam	0
27839	PAN *quay	0
27112	PMP *mekmek	0
25741	PCEMP *buqi₂	0
30661	PAN *lawaq₂	0
30628	PMP *zauq	0
27203	PAN *-ni	0
24976	PAN *baba₁	1
27627	PAN *qapuR	0
30584	PMP *ñatuq	0
30784	POC *tuaRi	0
26422	PMP *ia₂	0
30543	PAN *ai₃	0
24787	PMP *ajan	0
27391	PMP *peka	0
30115	POC *loRo	0
25874	PAN *Caliŋa	0
30808	PAN *ŋetŋet	0
27861	PMP *qulin	0
30964	PMP *sai	0
25884	PAN *Cawa	0
25379	PAN *beties	0
30545	PWMP *tuqelaŋ	0
27632	PAN *qaRem	0
30547	PMP *taqu₁	0
27287	PMP *panas₁	0
28566	PWMP *tugtug	0
27874	PMP *qumpan	0
27641	PMP *qaRus	0
30763	PAN *kulaC	0
28082	PAN *Sajek	0
26306	PWMP *hawan	0
33142	PWMP *luŋun	0
28606	PAN *ujuŋ	0
30853	PMP *putput₂	0
26989	PWMP *lekeb	0
27776	PAN *qidus	0
24949	PMP *añam	0
30639	PAN *ŋeCŋeC	0
30117	PMP *meñak	0
27865	PMP *qulun₁	0
30521	PMP *leŋen	0
28726	PMP *wakaR	0
30566	PAN *CugCug₂	0
30205	PMP *bahaR	0
28111	PAN *sapaw	0
32558	PWMP *puŋpuŋ₂	0
27552	PMP *qabuk	0
30696	PMP *tuRun₁	0
31626	PAN *kurap	0
32754	PWMP *paŋku	0
32129	PWMP *tuntun	0
25641	PMP *bukbuk₃	0
32271	PMP *tiŋ	0
26285	PMP *hamuk	0
31156	PAN *liduŋ	0
32084	PMP *tebel₂	0
32293	PWMP *tandiŋ	0
30346	PAN *diRus	0
30595	PMP *taRum	0
26216	PMP *geret	0
31031	PWMP *cirit	0
24932	PAN *aya₂	0
30370	PWMP *paqis	0
25622	PAN *buhet	0
27798	PMP *qio	0
30840	PWMP *pukul₁	0
26524	PMP *irid₁	0
32107	PWMP *tapiq₂	0
25850	PAN *buŋuR	0
25127	PWMP *bantal	0
28540	PWMP *tukuŋ	0
30620	PMP *daRa₂	0
27948	PAN *rauC	0
30590	PMP *dateŋ	0
30118	PMP *miñak	0
32310	PWMP *tumpuk	0
32121	PMP *teŋaq	0
27291	PMP *panay	0
24817	PWMP *ambun	0
26899	PAN *laRiw	0
31924	PWMP *kapuk	0
26842	PWMP *kusut	0
27365	PWMP *paŋgaŋ	0
25868	PAN *CabCab	0
25187	PMP *baRu	0
27832	PMP *qiŋga	0
26004	PMP *deRes	0
30909	PWMP *lepas	0
27378	PAN *pa(n)tuk₂	0
31805	PMP *kupkup₃	0
28092	PAN *Salas	0
24869	PMP *aRak	0
30240	PAN *layu	0
31665	PWMP *kawaq	0
30677	PMP *gilap	0
32995	PMP *lesuŋ	0
25241	PAN *baŋ(e)qeR₁	0
31223	PMP *sulam	0
28303	PAN *SulaR	0
32990	PWMP *likuŋ	0
25112	PMP *banaqaR	0
30426	PAN *dataR	0
32757	PMP *parud	0
28339	PWMP *supit	0
27815	PMP *qisep	0
30889	PWMP *labuq₁	0
25664	PMP *bulat₁	0
30614	PMP *dapet	0
30792	PWMP *taŋkis	0
31151	PMP *tepak₁	0
31043	PWMP *sawan	0
26759	PMP *kik	1
29842	PAN *daqiS	0
25066	PMP *balik₂	0
25717	PMP *buntut₁	1
32155	PWMP *tulad	0
25878	PAN *Capel	0
31046	PWMP *siduŋ	0
28318	PAN *SuNus	0
33494	PWMP *ganti	0
30139	PMP *lamuk₂	0
32087	PMP *timba	0
25533	PWMP *bisik₃	0
32611	PMP *puk₂	0
28657	PMP *upas₁	0
26281	PWMP *hampaŋ	0
24986	PMP *badas	0
32985	PWMP *lembut	0
33040	PWMP *lawaŋ₂	0
27450	PWMP *pitak₂	0
29878	PMP *titis	1
27580	PMP *qalun	0
30483	PMP *duyuŋ₂	0
32781	PWMP *pindaq	0
29977	PWMP *batik₁	0
32923	PWMP *labay₁	0
30726	PMP *bantiŋ	0
30261	PAN *puki	0
27655	PMP *qasu₁	0
28113	PAN *Sapit	0
24778	PMP *aduq	0
27262	PMP *palaŋ₁	0
33124	PMP *lalu₁	1
27914	PMP *qu₁	0
25269	PMP *be(ŋ)kaŋ	0
27238	PMP *pager	0
25457	PWMP *bilaq₁	0
27817	PMP *qis	0
33071	PMP *lumbuŋ₂	0
30116	PAN *luCuŋ	0
27882	PMP *quntu	0
30345	PAN *detdet	0
30795	PMP *limas	0
25406	PMP *beŋis₁	0
25790	PMP *buteŋ	0
30757	PMP *katiR	0
30974	PWMP *gitgit	0
25997	PAN *demdem₁	0
30695	PAN *putun₂	0
26421	PAN *ia₁	0
26735	PMP *keteŋ	0
25119	PWMP *banban	0
32128	PMP *tuduŋ	0
25327	PMP *bentuk	0
25025	PWMP *balalaŋ₁	1
32123	PWMP *testes	0
30390	PMP *tales	0
28168	PAN *Sekak	1
30360	PAN *tuduq	0
27758	PMP *qeti₃	0
25585	PWMP *bubud	1
32537	PMP *putat	1
30898	PPh *lesles₁	0
25667	PPh *bulbúl	0
27665	PMP *qatimun	0
31797	PWMP *kezut₂	0
26297	PPh *hápun	0
31700	PWMP *kaRaw₂	0
31101	PPh *tebáR	0
30743	PPh *tuláy	0
30350	PAN *timuR	0
24973	PWMP *babaw₂	1
30575	PAN *tukud	0
28098	PWMP *saluD	0
31217	PPh *sápad	0
32704	PPh *balud	0
30735	PAN *tuNa	0
27885	PMP *qunus	0
32388	PAN *Caŋelaj	0
25820	PPh *buyúk	0
30266	PAN *guRiCa	0
25542	PAN *bitbit₁	0
24749	PPh *abaká	0
25215	PAN *bañaw	0
28397	PMP *taRaqan	0
24871	PMP *haRemaŋ	0
30164	PAN *bahi	0
25879	PAN *tapeS	0
27872	PAN *qumaŋ	0
30746	PPh *túnaw	0
33705	PPh *baháy	0
30833	PMP *pia₂	0
30356	PAN *tuduS	0
28299	PWMP *sujud	0
30161	PAN *Culi	0
30931	PAN *ki₂	0
26802	PAN *kudkud	0
26517	PPh *ipus	0
32679	PPh *álem	0
33584	PPh *hinuR	0
33359	PPh *man	0
27899	PAN *quSaw	0
31007	PPh *síluq	0
25944	PAN *CuSuR	0
28127	PMP *sasah	1
26292	PMP *hapin	0
28089	PAN *SakuC	0
28425	PAN *tebteb	0
32707	PPh *pásuq	0
31235	PWMP *sarapaŋ	0
25788	PMP *butequl	0
30316	PAN *likaC	0
26685	PAN *ka-₁	0
27068	PAN *Nusuŋ	0
25724	PMP *bunut₁	0
27210	PMP *nunuk	1
32524	PWMP *paspas₂	0
29981	PMP *maŋa₁	0
30441	PWMP *zaqet	0
31595	PMP *kabus₁	0
31181	PWMP *sadab	0
32140	PPh *taŋ(e)dan	0
30113	PWMP *libej	0
28538	PAN *tuktuk₂	0
25091	PWMP *balun₂	0
32082	PPh *tebáq	0
25254	PAN *beCu	0
26611	PAN *gaRaŋ	0
32144	PPh *tayáq	0
25338	PMP *berber₁	0
30214	PWMP *bahuR	0
27887	PMP *qupa	0
30913	PAN *Na₂	0
30525	PWMP *libas₁	0
27319	PWMP *paras₁	0
25181	PAN *baRuj	0
32390	PPh *tájip	0
26196	PWMP *gateq	0
32901	PPh *papag	1
32520	PAN *piNay	0
25375	PPh *beték	0
28442	PAN *tektek₂	0
32596	PPh *gawed	0
26403	PMP *hili	0
30991	PWMP *tawaD	0
28076	PAN *Sadu	0
30217	PAN *baSay	0
28363	PAN *talaw	0
30446	PAN *gayaŋ	0
30288	PAN *daya	0
27330	PPh *diq	0
30336	PPh *lubaŋ₂	0
30349	PPh *timtim	0
33603	PPh *unuŋ	0
27321	PAN *paRaw	0
25104	PPh *balítiq	0
28541	PPh *tulduq	0
30806	PPh *ŋaniq	0
32927	PMP *lemes	0
31712	PMP *kunu₂	0
30666	PAN *pasek	0
26451	PAN *Sika-	0
28679	PWMP *maka-	0
30970	PMP *garus	0
32577	PPh *baŋaq₂	0
27595	PMP *qanahaw	0
25600	PAN *buCuq	0
25045	PWMP *bala(n)tik	0
27232	PAN *pacek	0
27893	PMP *qurit	0
31227	PPh *sab(e)láy	0
33589	PPh *rubaŋ	0
32549	PWMP *pilpil	0
27208	PAN *Nuka	0
31592	PAN *ka-₅	0
25866	PPh *bítu	0
25182	PMP *baruk	0
25190	PAN *basbas₂	0
30419	PAN *ŋusuq	0
32599	PMP *likes	0
25095	PWMP *balut₂	0
31077	PWMP *seŋ(e)qaw	0
33052	PAN *lipas	0
32948	PWMP *laun	0
31449	PPh *suay	0
32968	PPh *lúgaw	0
30434	PAN *Rudaŋ	0
31283	PPh *suntúk	0
31080	PPh *sunúd	0
30213	PPh *bahén	0
30766	PPh *dágus₁	0
30550	PMP *lakaj	0
27866	PMP *qulun₂	0
30993	PWMP *tawaR₂	0
31301	PWMP *sayaŋ	0
31090	PMP *sakaŋ	0
28141	PWMP *sayaw	0
30834	PPh *pudpud	0
28423	PAN *tebaS	0
24993	PMP *bageqaŋ	0
25731	PMP *buqay	0
28149	PWMP *sa(m)baw	0
28101	PAN *sabay₁	0
26619	PWMP *kalasag	0
25423	PMP *be(ŋ)kaR	0
26283	PWMP *hampir	0
28201	PAN *Sezam	0
25699	PAN *buNbuN	0
25470	PMP *biliŋ	0
26085	PMP *ema₁	0
32289	PWMP *ta(m)pas	0
26379	PPh *hubád	0
26768	PMP *kiliŋ	0
28272	PMP *siuk	0
27338	PAN *pariuk	0
30727	PPh *bantug	0
25880	PAN *CaqiS	0
27592	PAN *qamiS	0
25275	PWMP *bekeR₁	0
33364	PMP *Ratas₂	0
25756	PMP *buri₁	0
27598	PAN *qaNiC	0
32640	PWMP *pakaw	0
25284	PWMP *belaj	0
31823	PMP *kiput	0
30451	PWMP *pecel	0
27800	PAN *qipit	0
27702	PAN *qaŋeSit	0
27858	PWMP *qulam	0
33076	PWMP *lampin	0
25838	PAN *bukas	0
31256	PMP *pandak	0
31501	PPh *súŋay	0
32976	PPh *lupaypáy	0
25027	PWMP *balanak	0
30906	PAN *mamah	1
32850	PPh *piŋkíq	0
27177	PMP *naRah	0
32247	PMP *ta(ŋ)kub	0
31211	PAN *sapaq₁	0
31082	PMP *sunuR	0
25336	PAN *beRay	0
28394	PAN *taqan₁	0
32488	PAN *piak	0
33415	PWMP *inut	0
30218	PPh *báqug	0
31038	PMP *saleR	0
30592	PAN *ludaq	0
31162	PMP *takub	0
31499	PPh *sip(e)qun	0
27783	PMP *qilaw	0
33657	PPh *upas₂	0
31076	PPh *salugsúg	0
25110	PPh *banabá	0
33887	PPh *sárab	0
26589	PWMP *iñat	0
31021	PPh *síkad	0
26217	PAN *gereC	0
25454	PMP *bilaj	0
28390	PWMP *tapal	0
26321	PPh *hebás	0
32526	PPh *paspás₄	0
31086	PMP *musaŋ	0
25418	PMP *be(R)tas	0
26351	PWMP *hilu	0
28393	PAN *tapus	0
31948	PPh *kal(e)bit	0
33798	PMP *piŋkaw	0
31018	PWMP *ciap	0
27604	PMP *qani-Ruan	0
25687	PWMP *bulus	0
33698	PPh *saŋkap	0
25650	PPh *buk(e)tút	1
31717	PPh *kúpas	0
32788	PWMP *pintal	0
25202	PWMP *bayawak	0
25656	PPh *bulalákaw₂	1
25411	PMP *beŋkas	0
27290	PAN *paNaw	0
24893	PPh *qasúd	0
25046	PPh *bala(R)báR	0
34022	PPh *buŋuran	0
25750	PAN *buReS	0
32218	PWMP *tuad	0
28618	PAN *ulaw	0
29872	PAN *RabuC	0
28107	PWMP *sanduk	0
29852	PMP *batu₂	0
32319	PPh *tánud	0
33362	PWMP *pukaw₃	0
28093	PWMP *salatan	0
34008	PPh *daRit	0
25795	PWMP *butir	0
30238	PMP *ŋisi	0
25629	PWMP *bujak	0
30651	PMP *luqaR	0
27630	PAN *qaRaw	0
26344	PPh *hideRáq	0
30410	PAN *luluj	1
27845	PMP *qubus	0
30941	PAN *ka₃	0
32622	PMP *pitik₁	0
32527	PWMP *pataR₂	0
28333	PMP *susuq	1
28838	PMP *ŋisŋis₁	0
30404	PAN *saleŋ	0
31392	PMP *suŋkit	0
29974	PWMP *bantaq	0
31944	PMP *guRun	0
25620	PWMP *buhaŋin	0
25194	PWMP *bataq	0
30223	PPh *pawíkan	0
25133	PPh *banúR	0
28125	PWMP *saRu₂	0
31604	PPh *kabáŋ	0
27638	PMP *qaRta	0
33855	PPh *gelgél	0
26542	PAN *iSiq	0
25163	PWMP *baraŋay	0
25865	PPh *bítin	0
25059	PWMP *balida	0
25898	PMP *cekel	0
24758	PMP *abaŋ₁	0
30188	PMP *bahuq	0
28270	PMP *sitsit	0
28028	PAN *Riqek	0
28262	PWMP *siraŋ	0
32809	PPh *pugad	0
28375	PWMP *tamban	0
28554	PAN *tuqed	0
26662	PMP *kaRud	0
27616	PAN *qaNuaŋ	0
29873	PMP *saRep	0
28352	PWMP *tabas	0
26622	PAN *kalaw₁	0
28281	PMP *siŋkul	0
29879	PAN *Cebiq	0
26302	PMP *hasek₂	0
31951	PPh *káti	0
31042	PPh *sáRep	0
31233	PPh *sapuq	0
25270	PMP *bekbek₁	0
31073	PMP *liq(e)pit	0
31289	PWMP *suŋkub	0
28381	PMP *tamiŋ	0
30422	PMP *pilit₁	0
32609	PWMP *pi(n)tas	0
28630	PAN *umaN	0
30228	PMP *bantun	0
30329	PAN *Rinu	0
33055	PWMP *lipit	0
28822	PPh *ábuR	0
30270	PAN *pikuq₁	0
27892	PPh *quRis	0
27267	PWMP *palij	0
29871	PAN *ŋayaw	0
33535	PPh *bakbak₃	0
25263	PWMP *bekaj	0
30914	PMP *diqdiq	0
28308	PAN *Sulij	0
29881	PMP *teŋeR	0
24805	PMP *aluŋ	0
25386	PAN *betuŋ₁	0
27596	PAN *qanibuŋ	0
26388	PWMP *hurus	0
33388	PPh *deR(e)qas	0
32451	PPh *tuyuq	0
26864	PMP *labi₁	0
30347	PAN *taNek	0
32302	PWMP *teŋteŋ₂	0
33999	PPh *basal	0
27159	PMP *muken	0
32296	PMP *ta(ŋ)kep₂	0
25549	PWMP *bituk	0
33215	PMP *lasuq₂	0
26291	PMP *hapen	0
30561	PMP *liu₂	0
30197	PPh *dabuŋ	0
33335	PWMP *madaŋ	0
25942	PAN *Curis	0
25540	PMP *bitaquR	0
24895	PWMP *ataq	0
31640	PAN *kaRi₁	0
31619	PPh *kabég	0
25385	PMP *betu₂	0
33647	PPh *sub(e)líq	0
31322	PPh *lipat	0
25764	PMP *busaw	0
30556	PPh *lakub	0
25023	PAN *balalaCuk	1
33893	PWMP *hiket	0
27617	PAN *qaNuNaŋ	1
32045	PMP *tambar	0
31523	PPh *tulúd	0
27011	PAN *liuS	0
27005	PAN *linuR	0
32551	PPh *piqpiq	0
32164	PPh *takéd	0
25199	PMP *bauR	0
30874	PPh *kúyug	0
33728	PPh *anad	0
31666	PWMP *kayab	0
27600	PMP *qanilaw	0
25545	PMP *bitik₁	0
27906	PAN *qutiN	0
26382	PWMP *hukas	0
25678	PMP *buliq₂	0
26924	PWMP *la(m)pus₂	0
25274	PWMP *beken	0
32626	PAN *keseR	0
34066	PPh *úŋut	0
30143	PMP *ñamuk	0
27104	PMP *mai	0
28728	PMP *wakat	0
28562	PMP *tutub	1
27442	POC *piro	0
30087	PCEMP *kese	0
28605	PMP *ujan	0
30464	POC *soŋe	0
30412	POC *pea	0
27490	PMP *puliŋ₁	0
25505	PMP *biRaq₂	0
31359	POC *soRa	0
28740	POC *wao	0
27846	PAN *quCaN	0
25919	PMP *cikep	0
30524	PMP *atu	0
30760	POC *tupa₃	0
27673	PMP *qatuR₁	0
32368	POC *tanum₂	0
30256	PAN *nipen	0
30633	POC *kiajo	0
24785	POC *ai₁	0
25429	PMP *bibi₁	1
27536	POC *bweka	0
30101	POC *suRi₁	0
30398	PMP *paqa₂	0
33306	PMP *mimi	1
30069	POC *leqo	0
27656	POC *qasu₂	0
30778	POC *siku	0
30158	POC *saRe	0
33769	POC *maŋa₂	0
27102	PAN *maS	0
28741	PAN *waqay	0
32496	POC *tari	0
31625	POC *koe	0
30099	PCEMP *tambu	0
26019	PAN *dikit	0
30286	PMP *daqan₁	0
30758	PMP *saRman	0
32343	POC *tika	0
32807	PMP *pened₂	0
30432	PMP *laseR	0
24790	PMP *akaR	0
30163	POC *druru	1
25468	PMP *bilit	0
27427	PMP *pikel	0
29868	PMP *pataR₁	0
30813	PMP *ŋa	0
30157	POC *rere₂	1
28267	PMP *sisi₁	1
28122	PMP *saRup₂	0
30627	POC *tuqa₁	0
32815	POC *mwata	0
30176	POC *loto₁	0
31331	POC *soka	0
30052	PCEMP *təlu	0
31332	POC *sumu	0
32134	POC *nofo	0
32367	POC *toto	1
31695	POC *kojom	0
28077	PMP *saet	0
28640	PMP *umpu	0
27132	POC *belu	0
28761	PCEMP *waŋka	0
25508	PMP *biRas₁	0
30952	PMP *tusiq	0
32347	POC *toka₂	0
32227	POC *tau₂	0
32017	POC *kaRu₁	0
32215	POC *tiko	0
30071	PCEMP *malaw	0
32240	POC *tokalaur	0
28507	PMP *tiup	0
28242	PMP *simbuR	0
28533	PMP *tui₁	0
30863	PMP *Rabun	0
30917	PWMP *lemeq	0
26646	PMP *kanaŋa	0
30632	PMP *sauq₂	0
27936	PAN *Rames	0
31437	PAN *sa₃	0
31149	PMP *taŋiRi	0
27971	PMP *raŋ(e)pas	0
32655	PMP *pakan	0
32935	PWMP *laqin	0
32105	PMP *tapi	0
33786	PMP *qutek	0
27738	PMP *qentek	0
30872	PMP *kuliliŋ	1
26890	PMP *lamun₁	0
26965	PMP *lepu	0
30736	PAN *zaRami	0
27808	PWMP *qiRih	0
27895	PMP *quRut	0
25560	PAN *biŋiC	0
25467	PWMP *bilis	0
26237	PAN *gisgis₁	0
27110	PWMP *lantay	0
27184	PAN *-na	0
26220	PAN *geriC	0
27048	PAN *lukuC	0
26997	PMP *liket	0
27785	PMP *qilaŋ	0
30732	PMP *tiduR	0
27498	PWMP *punpun	0
25113	PAN *baNaR	0
26209	PMP *gemi	0
27465	PMP *pi(ŋ)keR	0
26218	PAN *gerger₁	0
25657	PMP *bulan-bulan₁	0
27000	PMP *lilin	1
31169	PAN *kuŋkuŋ₁	0
27040	PMP *luab	0
25089	PAN *baluN	0
30460	PMP *kuluR	0
27374	PMP *pa(n)tar₁	0
26277	PWMP *hambin	0
25892	PAN *Cebuj	0
27789	PAN *qiluS	0
25002	PWMP *bajbaj	0
32309	PPh *tuleŋ	0
33859	PPh *RasRas	0
28430	PMP *teduŋ₁	0
29850	PPh *batéŋ	0
28836	PMP *ŋikŋik	0
31866	PAN *kali-	0
33622	PPh *kawitan	0
25688	PMP *bulut₁	0
32234	PMP *tukaŋ	0
27824	PAN *qiut	0
28677	PMP *usuk	0
25674	PWMP *bulig	0
31762	PAN *kipit	0
32237	PAN *tata₁	1
28119	PWMP *saqup	0
26282	PMP *hampil	0
27681	PMP *qawa₁	0
33167	PPh *gubát	0
30950	PWMP *sejem	0
26583	PAN *i₃	0
27678	PAN *qauŋ	0
27694	PAN *qa₁	0
28143	PAN *Sa₂	0
30435	POC *salaŋ	0
27814	PMP *qisaq	0
25823	PMP *buŋas	0
28614	PMP *ukup	0
27631	PMP *qaRa₁	0
33307	PMP *mimis₁	1
