1	aća	0
2	ačka	0
4	aja-	0
5	ajŋe	0
6	akta-	0
7	ala	0
8	alka	0
10	ama-	0
11	amta-	0
16	aŋa-	0
18	aŋke	0
25	arpa	0
26	arwa	0
27	arɜ	0
30	aśe-	0
31	aśke	0
32	aškɜ	0
34	atɜ	0
43	äne	0
58	ćärke-	0
59	će,	0
60	ćečä	0
65	ćiŋkä	0
67	ćolme	0
70	ćorɜ-	0
83	ćȣkčɜ	0
96	čama	0
101	čawɜ	0
103	čänčä	0
106	čeŋke	0
119	čupa	0
122	δ̕e̮me	0
123	δ̕imä	0
125	e	0
129	eδe	0
130	eje	0
132	elä-	0
134	emä	0
135	enä	0
140	ićä	0
141	ićä	0
142	iće,	0
144	ike	0
145	ikte	0
146	ilma	0
148	ime-	0
155	itä	0
157	jaka-	0
160	jalka	0
166	jälke	0
168	jäne	0
171	jäŋe	0
176	jäse	0
183	jikä	0
184	ipɜ	0
186	joke	0
187	jokse-	0
189	joŋkće,	0
194	jowkkɜ	0
195	juγe-	0
196	juka	0
197	jukta-	0
209	jȣ̈ŋɜ-,	0
210	kaća	0
215	kača	0
221	kaδ̕a-	0
224	kaja	0
226	kajɜ-	0
227	kakta,	1
228	kala	0
229	kalma	0
230	kalɜ	0
232	kaĺwɜ	0
233	kama	0
235	kanta	0
237	kanta	0
241	kaŋa	0
242	kaŋka	0
245	karke	0
250	kaswa-	0
251	kata	0
254	kawa-	0
255	kawka	0
259	kälä-	0
262	kälɜ	0
263	kälɜ	0
265	käme	0
267	käppä	0
268	kärnä	0
271	käte	0
272	ke	0
274	kećɜ	0
275	kečä	0
277	keδ̕e	0
279	keje-	0
280	kele	0
284	kepä	0
285	kerä	0
286	kerä	0
287	kerä	0
288	kere	0
289	kere	0
291	kerte	0
298	kiče-	0
299	kičɜ	0
301	kiδɜ	0
302	kije	0
304	kilä	0
307	kiľ́e	0
309	kinče	0
311	kińä	0
313	kipsɜ	0
317	kiśkɜ	0
318	kiśkɜ-	0
320	kitke-	0
322	kiwe	0
326	koča	0
330	koje	0
331	koje,	0
333	koj-ra	0
334	kojwa	0
335	kojwa-	0
336	koke-	1
337	kokka	1
339	kola-	0
340	kolja	0
341	kolme	0
342	kolɜ	0
343	koĺe	0
346	konta	0
347	konte	0
348	konɜ	0
350	końćkɜ,	0
352	kopa	0
354	koppa	0
356	kopra	0
357	kopta	0
359	kore	0
362	korpe-	0
365	korɜ,	0
370	kota	0
372	ku-,	0
374	kućɜ-	0
379	kuδ̕e-	0
381	kuja	0
384	kujwa	0
386	kule-	0
387	kulke-	0
389	kulɜ-	0
392	kuľ́ma	0
393	kuma	0
394	kumpa	0
399	kunčɜ,	0
400	kunta	0
407	kuńće,	0
408	kuńće,	0
410	kuńćɜ,	0
411	kuŋe	0
413	kupla	0
414	kuppa	0
416	kupsa-	0
417	kura	0
418	kure-	0
419	kurńa	0
422	kurɜ	0
423	kurɜ	0
429	kuse,	0
433	kutte	0
442	kȣrnɜ	0
447	kȣ̈śɜ	0
448	kȣ̈trɜ	0
450	laćke-,	0
451	lakka	0
452	lakte	0
454	lampe	0
455	lamte	0
456	lapa	0
458	lappɜ	0
460	lapta	0
461	lapɜ	0
462	latta	0
464	läkte-	0
469	läwlɜ	0
470	le-	0
471	lekka-	0
473	lelɜ	1
474	leme	0
477	leńɜ	0
478	leppɜ	0
480	leśe	0
481	lewδä-	0
482	lewe-	0
483	lewlɜ	0
485	likkä-	0
486	likke-	0
488	linta	0
489	liwa	0
492	loŋe-	0
493	lowkkɜ	0
495	luke	0
496	lume	0
497	lunta	0
498	luwe	0
502	lȣŋkɜ-	0
508	lȣ̈ppɜ	0
518	maγe	0
519	maksa	0
521	marja	0
522	mašta-	0
524	mäke	0
525	mäkte	0
527	mälke	0
528	mälɜ-	0
532	mećä	0
534	mekše	0
535	menčɜ,	0
536	mene-	0
539	mete	0
542	miγe-	0
544	mińä	0
546	miŋä	0
547	mirkkɜ	0
550	mone	0
554	mu	0
555	mučka	0
558	muja-	0
561	muna	0
564	mura	0
566	mura	0
568	muśke-	0
570	mȣnɜ-	0
576	mȣ̈	0
577	mȣ̈	0
581	mɜ	0
582	na	0
583	naje	0
584	nakrɜ	0
586	natta	0
587	natɜ	0
588	nä,	0
590	näke-	0
592	nejδe	0
595	niδe	0
597	nime	0
600	no	0
602	nojta	0
609	ńačkɜ	0
612	ńarma	0
619	ńele-	0
620	ńeljä	0
622	ńe̮le	0
625	ńikɜ-	0
626	ńila	0
628	ńilke-	0
629	ńiŋśe	0
633	ńole-	0
634	ńolke	0
638	ńoŋδa-	0
639	ńorɜ	0
645	ńukśe	0
649	ńurme	0
657	oća,	0
659	oća-	0
662	oδe	0
663	ojwa	0
667	omte	0
670	ońća	0
674	oŋte	0
676	ora	0
677	ora	0
678	orpa	0
690	pajńa-	0
692	pajɜ	0
693	pakka-	0
694	pakša	0
695	pala	0
696	paljɜ	0
700	paĺa	0
703	pane-	0
704	paŋka	0
707	parɜ,	0
710	pata	0
711	päćkɜ	0
715	päjwä	0
720	päkse	0
729	päŋe	0
730	päre	0
736	peksä-	0
738	pele	0
739	pele-	0
743	pene	0
746	peŋe	0
747	perä	0
753	pesä	0
756	pićla	0
759	piδe	0
760	pije	0
761	pije-	0
763	pikkä	0
767	pilwe	0
768	piĺmɜ	0
769	piŋe	0
770	piŋe	0
772	piŋɜ	0
773	pire,	0
776	piška	0
777	pitä-	0
779	piwtä-	0
782	počka	0
785	pojka	0
789	pola	0
790	polke	0
791	polwe	0
794	poŋe,	0
796	poske	0
798	pućka	0
799	pućɜ-rɜ-	0
800	pućke	0
809	puke-	0
811	puna	0
812	puna-	0
813	puńa	0
816	puŋka	0
817	pura	0
818	pure-	0
824	puske-	0
827	pušɜ-	0
829	puwɜ	0
831	puwɜ-	0
846	pȣ̈rɜ	0
850	rakkɜ-	0
859	repä	0
861	rokka	0
867	rȣ̈ppɜ-	0
868	rȣ̈ppɜ-	0
870	saγe-	0
871	sala	0
873	saŋća-	0
881	säppä	0
883	särkä	0
886	säwnä	0
888	seka	0
889	sente-	0
893	sewe-	0
894	se̮ne	0
898	sije	0
899	sikśe	0
900	sile	0
901	sitta	0
906	soŋe-	0
911	suγe-	0
912	sukse	0
913	sula	0
914	suŋe	0
916	surmɜ	0
919	sȣ̈	0
920	sɜŋćɜ	0
922	śajma	0
932	śampe	0
935	śarna	0
941	śata	0
942	śawe	0
943	śawŋa	0
945	śäkä	0
946	śäkće	0
950	śäŋe	0
955	śepä	0
956	śeppä	0
958	śe̮me	0
959	śićä,	0
960	śiδä	0
961	śiδ̕e	0
962	śije-le	0
964	śilmä	0
965	śiĺke	0
968	śiwa	0
969	śoδka	0
970	śoje	0
972	śola	0
977	śopa	0
978	śorwa	0
981	śuka	0
982	śulɜ	0
984	śure-	0
985	śur-ma	0
988	śurwa-	0
993	śuwe	0
995	śȣ̈ne	0
996	šaŋka	0
1002	šeŋä	0
1004	šijte	0
1006	šiŋe-re	0
1007	šoka-	0
1010	šorwa	0
1012	šule	0
1016	ta	0
1017	taje-	0
1019	taka	0
1020	takka-	0
1021	takkɜ	0
1022	tala	0
1024	tana	0
1025	tappa-	0
1033	tasa	0
1034	tä,	0
1035	täje	0
1037	tälwä	0
1040	tärjä	0
1041	tärmä	0
1042	täwδe	0
1043	täwe	0
1044	teke-	0
1049	terä	0
1053	tiŋe	0
1054	tire	0
1057	tiwä	0
1058	to	0
1061	toγe-	0
1066	torɜ	0
1068	totke	1
1069	towkɜ	0
1071	tuδ̕ka,	0
1073	tule	0
1074	tule-	0
1077	tumte-	0
1079	tuŋke-	0
1081	turja	0
1083	tȣ̈	0
1084	tȣ̈	0
1086	uče	0
1088	uje-,	0
1093	uŋa	0
1097	waća	0
1105	waja-	0
1106	wajće	0
1110	walka-	0
1111	walkɜ	0
1118	wańɜ-	0
1120	warɜ	0
1122	wasa	0
1123	waśke	0
1125	watta-	0
1126	wäćtɜ-rɜ-kkɜ	0
1128	wäke	0
1129	wälɜ	0
1132	wäŋćɜ	0
1133	wäŋe	0
1137	welje	0
1140	werɜ	0
1141	wetä-	0
1142	wete	0
1145	wića-	0
1146	wićka-	0
1147	wiδɜ	0
1148	wiγe-	0
1149	wilä	0
1150	wiŋä	0
1151	wiŋe	0
1152	wire	0
1154	witte	0
1155	woča	0
1156	woje	0
1157	woje-	0
1159	wole-	0
1160	wole-	0
1161	wolka	0
1166	woŋke	0
1167	woppe-	0
1170	wosa	0
1172	wotta-	0
1173	wuδ̕e	0
1176	wunɜ-	0
1187	ajta	0
1188	akšte-rɜ	0
1189	ampɜ-	0
1193	äje	0
1197	ćaŋka	0
1200	ćäje-rɜ	0
1205	ćońɜ	0
1207	ćȣ̈ĺɜ	0
1209	ćɜkčɜ-tɜrɜ	0
1212	čanta	0
1214	čarkkɜ	0
1216	čäčkä,	1
1218	čenɜ	0
1219	čiŋa	0
1223	čukka	0
1228	ešä	0
1229	ešte-	0
1231	inše	0
1233	isɜ-	0
1235	iša	0
1237	jaksa-,	0
1238	jakša	0
1239	jama	0
1240	jaŋša	0
1244	järwä	0
1245	jewä,	0
1246	jimä-,	0
1247	jire-	0
1249	jiša	0
1250	jo	0
1253	juma	0
1254	jure	0
1255	kaće-	0
1257	kačka-	0
1259	kačkɜ	0
1263	kajkɜ-	0
1264	kakta	1
1266	kalke	0
1268	kansa	0
1269	kaŋla	0
1271	karča	0
1272	karkɜ	0
1273	karmɜ	0
1277	käčke-	0
1282	känčä-	0
1284	käppä	0
1285	kärke	0
1286	kärte-	0
1288	käske-	0
1289	käte-kse	0
1290	kätke	0
1291	käwe-	0
1294	kečrä,	0
1296	kelmä	0
1298	kejmä	0
1300	keŋä	0
1301	kerta	0
1302	kerɜ	0
1303	kerɜ	0
1305	keske	0
1306	kiča	0
1308	kička-,	0
1309	kičɜ	0
1311	kilmä	0
1312	kinčä-	0
1313	kinče-kse	0
1314	kińä	0
1315	kipe	0
1316	kipśe	0
1318	kirɜ	0
1322	kočka	0
1325	kokka	1
1327	koktɜ	1
1328	kokɜ	1
1330	komta	0
1332	korkɜ	0
1333	korkɜ-	0
1335	koskɜ	0
1336	kośke	0
1338	kuδa-	0
1339	kujčɜ	0
1340	kūma	0
1342	kurkɜ	0
1343	kurma	0
1345	kurɜ	0
1346	kusa	0
1348	kutke	0
1350	küme	0
1351	kürsä	0
1352	küśe-	0
1360	lajwa	0
1361	lakćɜ	0
1363	lama	0
1364	lama	0
1365	lawča	0
1367	läkkä-	0
1368	lämpɜ	0
1370	läppä-	0
1371	läppä-štä-	0
1372	läse	0
1376	lemšɜ	0
1377	leppä	0
1378	lešmä	0
1379	lešte	0
1381	ličɜ-	0
1382	lippɜ	0
1383	lisä	0
1386	ločma	0
1388	lontɜ-	0
1389	loŋe-ma	0
1390	loppa	0
1391	lowna	0
1392	luma-	0
1394	luša-	0
1396	lüpsä	0
1398	maja	0
1399	majδ̕ɜ	0
1401	maksa-	0
1402	makša	0
1403	mala	0
1405	marta	0
1406	mata-	0
1409	märɜ-,	0
1410	mečä	0
1411	melä	0
1412	mele	0
1420	muδa,	0
1421	mukɜ-ĺa	0
1422	muška	0
1423	nalja	0
1427	nikɜ	0
1428	nine	1
1429	nistä-	0
1436	nowta-	0
1439	nuska-	0
1440	nušja,	0
1441	ńärä	0
1442	ńiδa-,	0
1444	ńočka	0
1448	oksa	0
1449	oksa-,	0
1450	olke	0
1451	oma	0
1452	omena,	0
1454	onta	0
1456	oŋke	0
1459	orja	0
1460	orkɜ	0
1461	orma	0
1465	para	0
1466	parma	0
1470	päkšnä	0
1473	päškɜ	0
1475	pečä,	0
1477	pektä-	0
1481	pese-	0
1482	petkele	0
1483	piča	0
1485	pinta	0
1486	piŋka	0
1488	pirɜ	0
1489	pisa-	0
1490	pise-	0
1491	pis-tä	0
1492	pište	0
1493	pitä-lä	0
1498	porśas	0
1501	porɜ	0
1504	pošɜ	0
1505	powa	0
1507	pučkɜ-	0
1509	pukta-	0
1511	pula	0
1513	puŋɜ-	0
1514	purka-	0
1519	räppä	0
1523	rićɜ-	0
1525	riŋe-še	0
1531	saja	0
1532	saγe-kta-	0
1533	sakɜ	0
1534	salɜ	0
1537	sarńe	0
1540	satta-	0
1541	sawe	0
1543	säće	0
1546	säŋke	0
1548	säsɜ	1
1555	sine	0
1559	sirɜ	0
1562	sisare	1
1563	sitɜ-	0
1569	sonta	0
1571	sorme	0
1573	sose	1
1576	sume	0
1578	süskä-	1
1581	śajȣrɜ	0
1582	śarja	0
1584	śäśke	1
1585	śäšnä,	0
1586	śelkä	0
1587	śēme	0
1588	śeˊŋćemä	0
1591	śīre	0
1592	śolke	0
1593	śolma	0
1594	śoŋe-	0
1596	śora	0
1597	śota,	0
1599	śuka	0
1600	śulke-	0
1601	śure	0
1602	śürjä	0
1604	šajtta-	0
1605	šakče	0
1606	šalɜ	0
1608	šamɜ	0
1609	šapa	0
1610	šara	0
1611	šera	0
1613	šiŋa-	0
1616	šišna	1
1619	šoke-	0
1620	šonɜ	0
1621	šuje,	0
1622	šukštɜ-	0
1623	šukta	0
1624	šuma-re	0
1627	šɜšmɜ	1
1629	taĺa-	0
1632	tarna	0
1634	taškɜ	0
1635	täštä	0
1636	tätä	1
1638	teje	0
1639	tere	0
1642	teškä	0
1643	tewe	0
1644	tika	0
1649	toma	0
1652	torje	0
1653	tošte-	0
1655	tule	0
1656	tuŋa	0
1659	turta	0
1661	ukse	0
1663	umpe	0
1665	une	0
1668	urma	0
1671	utare	0
1672	ükte	0
1676	wača-,	0
1678	wajmɜ	0
1679	wajɜ-šɜ	0
1680	wajɜ-šɜ-tɜ-	0
1681	wakka	0
1682	waksa	0
1683	wakštɜre	0
1685	wala-	0
1686	wančɜ	0
1687	wanša	0
1688	wanɜ-	0
1689	waŋka	0
1690	warte	0
1691	wasa	0
1692	wasta	0
1693	waśara	0
1695	wašta	0
1696	wata	0
1700	wäśä	0
1701	wäšä	0
1702	wene-	0
1703	wene-še	0
1705	werča	0
1706	wēre	0
1708	wetɜ	0
1711	wińa	0
1713	wiša	0
1715	wojke	0
3	aδ̕ɜ	0
9	alɜ-	0
14	anɜ	0
15	ańa	0
17	aŋe	0
21	appe	0
28	arɜ-	0
38	äktɜ-	0
41	älɜ-	0
45	äŋɜ-	0
49	ćaδa,	0
50	ćaka	0
51	ćappɜ-	0
52	ćara	0
56	ćäŋkɜ,	0
62	ćerɜ	0
63	ćiklä	0
72	ćuća	1
73	ćuγɜ	0
75	ćukkɜ-	0
76	ćukkɜ-rɜ	0
77	ćumpɜ	0
78	ćuppa	0
79	ćuppɜ	0
80	ćuppɜ	0
81	ćutte	0
84	ćȣlkɜ-,	0
85	ćȣŋka	0
87	ćȣ̈nɜ-	0
89	ćȣ̈ŋɜ	0
90	ćȣ̈ppɜ	0
91	ćȣ̈ppɜ	0
93	čaćkɜ	0
100	čappɜ	0
104	čäŋkȣ-	0
107	čeŋkɜ	0
110	čiγɜ-rɜ	0
111	čijɜ-,	0
117	čukka-	0
118	čukkɜ	0
120	čȣ̈kkɜ	0
124	δ̕ȣkkɜ-	0
126	ećɜ	0
127	ećɜ-	0
128	ečkɜ-	0
136	erɜ	0
138	ewä	0
139	ewkkɜ	0
151	ipɜ,	0
152	irkä	0
153	irwɜ	0
158	jakka-	0
169	jänte	0
188	jomɜ-	0
190	joŋsɜ	0
191	jorkɜ-	0
192	jorɜ-	0
207	jȣrɜ	0
211	kaća	0
212	kaćɜ	0
217	kačɜ	0
220	kaδ̕a	0
222	kaδ̕wa	0
223	kaja-	0
231	kalɜ-	0
238	kanɜ	0
239	kanɜ-	0
240	kanɜ-	0
243	kaŋɜ-	0
249	karɜ-	0
252	kattɜ-	0
264	kämä	0
266	känčɜ,	0
270	kärɜ-	0
273	kećä	0
276	kečɜ	0
278	keje	0
281	kelke-	0
283	kentɜ	0
293	kerɜ-	0
295	keśɜ-	0
300	kičɜ	0
303	kijɜ-	0
310	kintɜ	0
312	kińe	0
321	kitɜ	0
325	koćmɜ	0
328	koja	0
332	koj-mɜ	0
349	konɜ	0
351	końćɜ,	0
367	korɜ-	0
377	kuδɜ	0
380	kuδ̕mɜ	0
382	kuje	0
390	kulɜ-	0
391	kulɜ	0
396	kumɜ	0
397	kumɜ	0
403	kunta-lɜ	0
404	kunɜ	0
406	kuńa-	0
409	kuńćɜ,	0
425	kurɜ	0
426	kurɜ	0
432	kuśɜ	0
434	kuttɜ	0
439	kȣmɜ	0
443	kȣ̈ćɜ	0
467	läppɜ	0
475	lempɜ-	0
479	leppɜ	0
490	lomɜ	0
491	lońća	0
500	lȣmpɜ	0
501	lȣńćɜ	0
504	lȣppɜ	0
505	lȣttɜ-	0
506	lȣ̈	0
507	lȣ̈ŋɜ	0
509	lȣ̈pɜ	0
529	mänɜ-	0
533	meke	0
538	merɜ-	0
543	minɜ	0
545	mińɜ	0
549	moĺɜ	0
553	morɜ	0
556	mučɜ	0
560	mulɜ-	0
563	muŋkɜ	0
569	mȣlɜ	0
571	mȣńćɜ-,	0
574	mȣrɜ	0
575	mȣrɜ-	0
598	niŋä	0
606	nȣjɜ-	0
608	nȣńćɜ	0
615	ńälmä	0
617	ńećɜ-,	0
623	ńe̮rkɜ	0
630	ńiŋɜ	0
631	ńirɜ-	0
636	ńoma	0
641	ńowe-	0
644	ńujɜ-	0
648	ńuŋɜ-	0
650	ńȣkkɜ	0
653	ńȣmɜ-	0
655	ńȣ̈rɜ	0
656	o,	0
658	oćtɜ-rɜ	0
660	oδa-	0
661	oδa-mɜ	0
664	olɜ	0
665	oma	0
671	ońća-rɜ	0
673	oŋlɜ	0
681	paćɜ	0
687	paδɜ	0
688	paδ̕tɜ	0
697	palγɜ	0
698	palɜ	0
708	parɜ-	0
712	päčɜ-	0
713	päδ̕ɜ-	0
717	päjɜ	0
719	päkkɜ-	0
722	pälä	0
724	pälɜ	0
728	pänɜ	0
732	pećɜ	0
735	peje-	0
740	peljä	0
744	pentɜ-	0
748	perkɜ	0
751	perɜ	0
752	perɜ	0
754	pesɜ	0
765	piksɜ	0
766	pilkɜ-	0
778	pitɜ-	0
784	poδ̕ɜ	0
805	pučɜ-	0
810	pukta-	0
821	purɜ	0
823	purɜ-	0
826	puśɜ	0
830	puwɜ-	0
833	pȣčɜ	0
834	pȣjɜ	0
835	pȣnɜ	0
837	pȣrkɜ-	0
839	pȣtɜ	0
841	pȣ̈čɜ	0
842	pȣ̈jćɜ	0
844	pȣ̈nɜ	0
845	pȣ̈rɜ	0
847	raćɜ	0
848	raćɜ	0
849	rakka	0
851	rańćɜ,	0
854	räćɜ	0
856	reńćɜ-,	0
857	reŋkɜ	0
858	reŋɜ	0
860	roćɜ	0
862	rokɜ-	0
864	ruŋkɜ-	0
865	rȣčkɜ	0
866	rȣtɜ	0
872	salkɜ-	0
876	säćɜ	0
877	säje	0
878	säle-	0
879	säŋe	0
882	säpɜ	0
884	särɜ	0
892	serä	0
895	sićɜ	0
896	siδ̕ɜ	0
897	siδ̕ɜ	0
902	soja	0
905	soŋe-	0
907	soŋkɜ	0
908	sorɜ,	0
910	suδ̕ɜ	0
924	śakkɜ	0
926	śala	0
928	śale-	0
929	śalkɜ	0
930	śalɜ	0
931	śaĺɜ	0
933	śaŋkɜ	0
937	śarɜ	0
938	śarɜ	0
939	śarɜ-	0
948	śälä-	0
951	śäŋkɜ	0
954	śentä-	0
957	śerɜ	0
966	śine	0
974	śomɜ	0
975	śomɜ-rɜ	0
979	śorɜ	0
990	śurɜ	0
994	śȣwɜ	0
998	šäntɜ	0
1000	šärɜ-	0
1003	šerɜ	0
1008	šoŋkɜ	0
1009	šoppɜ-	0
1014	šurɜ-	0
1015	šȣ̈rtɜ	0
1018	tajwe	0
1026	tara	0
1029	tarttɜ-	0
1032	tarɜ-kɜ	0
1036	täktä	0
1045	tekɜ-	0
1046	temɜ	0
1048	teppɜ	0
1050	terɜ	0
1051	tewä	0
1060	tojɜ-	0
1064	toŋɜ-	0
1065	toprɜ-,	0
1070	towɜ	0
1072	tuktɜ	0
1075	tulka	0
1078	tuna-	0
1080	tuppɜ	0
1094	urɜ	0
1096	utka	0
1098	waćɜ	0
1101	wačɜ-	0
1102	wačɜ-	0
1104	waδ̕kɜ	0
1112	waĺɜ	0
1114	wamta	0
1119	waŋɜ-,	0
1121	warɜ-	0
1131	wäntɜ-	0
1134	wäsɜ-	0
1135	weδɜ-	0
1136	wekkɜ	0
1139	weńćɜ,	0
1143	wettä-	0
1144	we̮re	0
1162	wolnɜ	0
1169	workɜ-	0
1177	wȣjɜ-	0
1178	wȣmɜ	0
1179	wȣ̈lȣ̈-	0
1180	wȣ̈nɜ	0
1181	ȣćɜ-	0
1182	-ȣ̈	0
1184	ȣ̈nɜ	0
1719	aktɜ	0
1720	ala-ma	0
1721	alɜ-	0
1722	ańćɜ	0
1723	arɜ	0
1724	arɜ	0
1725	attɜ-	0
1726	äδ̕ɜ-mɜ	0
1727	äjɜ	0
1728	äkɜ,	0
1729	älɜ	0
1730	ämpɜ	0
1731	äppɜ-rɜ-kɜ	0
1732	äpɜ	0
1733	ättɜ-	0
1734	ćeŋɜ	0
1735	ćukkɜ-	0
1736	ćuŋkɜ-	0
1737	ćȣ̈kkɜ	0
1738	ćȣ̈ŋkɜ	0
1739	ćȣ̈rɜ	0
1740	čajɜ-	0
1741	čärlɜ	0
1742	čeppɜ-	0
1743	čettɜ-	0
1744	čittɜ-	0
1745	ϑaŋɜ	0
1746	ϑarańa,	0
1747	ϑarɜ	0
1748	ϑasɜ-	0
1749	ϑäptɜ,	0
1750	ϑelɜ-	0
1751	ϑȣćɜ-	0
1752	ϑȣkkɜ-	0
1753	ϑȣ̈ŋɜ	0
1754	elɜ	0
1755	eŋkɜ-rɜ-	0
1756	iśɜ	0
1757	itɜ-	0
1758	jarɜ-	0
1759	jälɜ-	0
1760	jomɜ	0
1761	ju	0
1762	juktɜ-	0
1763	jȣkkɜ	0
1764	jȣrɜ	0
1765	jȣttɜ	0
1766	jȣ̈kkɜ-rɜ	0
1767	jȣ̈tɜ	0
1768	kaćɜ-	0
1769	kajɜ	0
1770	kajɜ-	0
1771	karɜ	0
1772	katɜ-	0
1773	käńćɜ,	0
1774	kećɜ-	0
1775	kenɜ-	0
1776	ki	0
1777	kottɜŋɜ	0
1778	kućɜ	0
1779	kuδ̕ɜ-	0
1780	kujɜ-	0
1781	kumtɜ	0
1782	kupɜ-tɜ-	0
1783	kurɜ-	0
1784	kurɜ-	0
1785	kȣmɜ	0
1786	kȣńćɜ	0
1787	kȣ̈ćɜ	0
1788	kȣ̈lɜ	0
1789	kȣ̈ntɜ	0
1790	kȣ̈nɜ	0
1791	kȣ̈sɜ-	0
1792	läćɜ	0
1793	läppɜ-	0
1794	luwɜ	0
1795	lȣćɜ	0
1796	lȣjɜ	0
1797	lȣlkɜ	1
1798	malkɜ	0
1799	mańćɜ	0
1800	mańćɜ,	0
1801	marɜ-	0
1802	mäktɜ-	0
1803	mälɜ	0
1804	mänɜ	0
1805	märɜ-	0
1806	märɜ-	0
1807	mećɜ-,	0
1808	melɜ	0
1809	menɜ-	0
1810	merɜ-	0
1811	mućɜ-,	0
1812	mȣrɜ	0
1813	mȣ̈kɜ-	0
1814	mȣ̈lɜ-	0
1815	näkɜ-	0
1816	närkɜ	0
1817	ńalɜ	0
1818	ńärɜ	0
1819	ńolɜ-	0
1820	oŋtɜ	0
1821	päkkɜ	0
1822	pejɜ-	0
1823	pekkɜ	0
1824	pentɜ-lɜ	0
1825	pičɜ	0
1826	pilɜ-	0
1827	pimɜ	0
1828	pukkɜ	0
1829	pulɜ-	0
1830	puŋɜ-	0
1831	pȣγrɜ-,	0
1832	pȣlɜ-	0
1833	pȣĺćɜ	0
1834	pȣśɜ-	0
1835	pȣ̈kkɜ-ttɜ	0
1836	raŋɜ	0
1837	rikɜ	0
1838	rȣkkɜ-	0
1839	rȣ̈ŋkɜ-	0
1840	rȣ̈ŋkɜ-	0
1841	sappɜ	0
1842	sarɜ	0
1843	sawɜ	0
1844	säγɜ-rɜ,	0
1845	säkɜrɜ	0
1846	säŋɜ	0
1847	selɜ	0
1848	seŋkɜ	0
1849	silɜ-	0
1850	suŋɜ	0
1851	sȣjɜ-	0
1852	sȣlkɜ	0
1853	sȣŋɜ-	0
1854	sȣrɜ	0
1855	tajɜ-ttɜ-	0
1856	taγɜ	0
1857	talɜ	0
1858	täkkɜ-	0
1859	täŋɜ-tɜ	0
1860	tärɜ	0
1861	tepɜ-	0
1862	tultɜ	0
1863	turɜ	0
1864	tüγɜ-tɜ,	0
1865	tȣmpɜ	0
1866	tȣmpɜ-	0
1867	tȣntɜ	0
1868	walɜ	0
1869	warɜ-	0
1870	wäńćɜ,	0
1871	wȣlmɜ	0
1872	wȣ̈ćɜ	0
1873	ȣjɜ-	0
1874	ȣmɜ-	0
29	asȣrɜ	0
39	älɜ	0
46	äŋɜ-ćɜ	0
68	ćonča,	0
95	čačɜ-,	1
98	čančɜ-,	0
99	čaŋɜ-	0
108	če̮čɜ,	1
116	čučɜ	1
143	ičɜ-	0
147	ilɜ	0
154	irɜ-	0
156	ittä-	0
161	jama-	0
162	jamɜ	0
165	jäkšɜ	0
181	jenɜ-	0
193	jotka	0
201	juta-	0
246	karma-	0
319	kiśɜ	0
323	koća	0
344	komɜ	0
363	korta-	0
402	kunta-	0
421	kurɜ	0
428	kurɜ-	0
430	kuse	0
431	kuśka	0
449	kȣ̈wɜ	0
510	ĺapćɜ	0
514	ĺupša	0
520	maksa	0
541	mičɜ	0
565	mura	0
572	mȣrɜ	0
594	nere	0
599	niwa-	0
666	omča	0
682	pača	0
683	pačkɜ	0
701	panče-,	0
706	paŋka	0
723	pälkä	0
726	päĺkɜ	0
733	pečkä-	0
742	pelɜ-	0
745	peńɜ	0
762	pijra	0
764	pikkɜ	0
774	piša	0
787	pojɜ	0
792	poĺa	0
797	poška	0
804	pučɜ-	0
819	purkɜ	0
832	pȣča	0
852	raŋɜ	0
891	senɜ-	0
904	sokta-	0
909	soske-	1
921	śačkɜ	0
936	śarta	0
992	śuśa	1
1013	šuŋe	0
1052	tijä	0
1056	titkɜ-	1
1090	ulke	0
1099	wačka-	0
1103	wačɜ	0
1124	watka-	0
1164	woĺɜ-	0
1183	ȣ̈čɜ	0
1186	ajša	0
1194	ältɜ	0
1204	ćilɜ-mɜ	0
1213	čappɜ-	0
1215	čawa	0
1217	čäčke	1
1220	čiwnɜ	0
1221	čoša	0
1222	čoše	0
1224	ečkä,	0
1225	elɜ	0
1227	ertä	0
1230	ičɜ	0
1262	kaja-	0
1265	kalke	0
1270	karćɜ	0
1274	kaskɜ	0
1275	kawka	0
1281	kämä	0
1287	kärtɜ	0
1292	kečke-rä	0
1295	keδe	0
1297	keltä-	0
1304	kesä	0
1307	kićnä-	0
1310	kiljä	0
1317	kirä-	0
1323	kočka	0
1344	kurmɜ	0
1347	kušɜ	0
1353	kȣmɜ	0
1362	lakśe-	0
1366	läkä	0
1369	lämɜ	0
1380	le̮ksɜ-	0
1387	loma	0
1393	luppa	0
1400	majsɜ	0
1404	mańa	0
1413	mertä	0
1418	muča	0
1419	mučkɜ	0
1430	nisɜ	0
1431	nišɜ	0
1432	nolɜ	0
1434	norta	0
1435	norɜ	0
1445	ńokke	0
1447	ńüktä-	0
1453	omra	0
1455	ontɜ	0
1458	oraśe	0
1462	orpa	0
1464	paŋɜ-	0
1472	pänɜ	0
1476	pečɜ	0
1484	pičkɜ-	0
1494	počɜ-	0
1495	pola	0
1496	ponte	0
1502	poske	0
1503	pośɜ	0
1506	pučka-	0
1515	pȣra-	0
1517	raće-	0
1518	raškɜ	0
1522	reśmä	0
1528	ruŋka	0
1530	saćɜ-	0
1535	sante-	0
1538	sasare	1
1544	säksä	0
1547	särɜ-	0
1549	säśɜ-,	0
1550	serɜ-	0
1552	setɜ	0
1557	sira	0
1558	sira-kta-	0
1564	siwɜ-ĺɜ	0
1565	soδɜ	0
1567	sokse	0
1572	sorɜ	0
1580	sȣ̈tɜ	0
1583	śäke	0
1589	śerɜ-	0
1590	śikɜ	0
1603	śȣkćɜ	0
1607	šamɜ	0
1612	šewɜ	0
1615	šiśtɜ	0
1618	šōδe-	0
1628	taje-	0
1631	taŋke-ta	0
1633	tarɜ	0
1641	terɜ-	0
1645	tīpta-	0
1646	tokka-	0
1648	tola	0
1651	tora-ksɜ	0
1657	tuppa-	0
1658	turpa	0
1666	ura	0
1667	urke-	0
1669	uskalɜ	0
1673	waćɜ	0
1675	wača	0
1684	wala	0
1694	waśe-	0
1707	wešnä	0
1710	wilwä	0
1714	wočkɜ	0
1717	woša	0
13	anɜ	0
22	apta-	0
24	apɜ	0
37	äjmä	0
44	äŋɜ	0
47	ärɜ	0
48	äsɜ-	0
53	ćarɜ	0
64	ćinɜ	0
66	ćokɜ-mɜ	0
69	ćorkɜ	0
74	ćukkɜ	0
92	ćɜlćɜ	0
94	čačɜ	1
102	čäkkɜ-	0
105	čemɜ	0
109	čičä,	1
112	čiŋɜ	0
121	δ̕äŋɜ-sɜ	0
133	eĺɜ	0
137	eskɜ-	0
150	iptɜ	0
159	jakkɜ	0
164	jäje	1
170	jäntɜ-	0
172	jäŋkä	0
173	jäpśe	0
175	järɜ	0
178	jekkɜ	0
179	jekɜ	0
182	jerɜ	0
200	jurma	0
202	jutta-	0
206	jȣrtɜ	0
218	kačɜ	0
219	kačɜ-	0
225	kajɜ	0
247	karwa	0
256	käćɜ	0
257	käčɜ	0
258	käjɜ	0
260	kälɜ	0
261	kälɜ	0
282	kenčɜ-	0
292	kertɜ	0
294	keskɜ-	0
297	kićɜ	0
305	kilɜ	0
306	kilɜ-	0
308	kiĺe-	0
315	kirkɜ	0
316	kise	0
327	koδɜ-,	0
345	končɜ	0
360	korkɜ	0
364	korɜ	0
383	kujrɜ	0
385	kujɜ-	0
427	kurɜ-	0
436	kȣčɜ	0
438	kȣlɜ	0
440	kȣmɜ	0
444	kȣ̈mɜ	0
446	kȣ̈rɜ	0
453	lampa	0
463	läćɜ	0
465	läńćɜ,	0
466	läppɜ	0
484	lijɜ	0
511	ĺäsɜ,	0
531	mättɜ	0
540	mićä-	0
551	moŋa	0
578	mȣ̈ktɜ	0
585	nappɜ	0
589	näδ̕ɜ	0
591	näŋɜ	0
593	nemɜ	0
610	ńačɜ	0
611	ńaŋkće	0
613	ńarɜ	0
621	ńeplɜ	0
637	ńončɜ,	0
640	ńorɜ	0
643	ńučɜ	0
646	ńulkɜ	0
647	ńulɜ	0
651	ńȣlɜ	0
669	ončɜ	0
679	osa	0
684	pačkɜ-	0
686	pačɜ	0
702	pančɜ	0
709	paśɜ	0
714	päjä	0
716	päjɜ	0
725	pälɜ	0
727	päntɜ	0
731	päwe	0
750	pertɜ	0
755	pe̮śɜ	0
757	pićɜ	0
758	pičɜ	0
780	poča	0
795	pora	0
801	pučkɜ	0
802	pučɜ	0
803	pučɜ-	0
815	puńća-,	0
820	purkɜ	0
825	puśnɜ	0
840	pȣ̈ćɜ-	0
853	ratɜ	0
855	rekkɜ	0
875	säće	0
903	soksɜ	0
917	sȣsɜ-	1
923	śajmɜ	0
925	śakśa	0
940	śasra	0
947	śäktɜ-	0
967	śiŋe	0
971	śojwa	0
991	śurɜ	0
1005	šilkɜ-	0
1011	šorwa-	0
1028	tarkɜ	0
1030	tarɜ	0
1031	tarɜ	0
1038	täŋkɜ	0
1047	tenɜ	0
1055	tisɜ	0
1059	tojɜ	0
1062	tokta	0
1067	tosɜ	0
1076	tulkɜ	0
1087	uδɜ-mɜ	0
1100	wačɜ,	0
1108	wajɜ	0
1115	wanča-	0
1130	wäĺɜ	0
1174	wujɜ	0
1185	aćɜ	0
1190	antɜ	0
1191	ańćɜ-	0
1192	ašɜ	0
1195	älwä	0
1198	ćatɜ	0
1199	ćäčkä	0
1201	ćäkće-	0
1202	će̮lta-	0
1203	ćilɜ	0
1206	ćȣńɜ	0
1208	ćȣ̈rɜ	0
1210	čačɜ-	1
1211	čamćɜ	0
1226	enä	0
1232	irγɜnɜ	0
1236	jačɜ	0
1241	jatɜ-	0
1242	jäkä-lä	0
1243	jälte	0
1248	jirɜ	0
1252	julma	0
1256	kaćkɜ	0
1258	kačka-	0
1260	kačɜ	0
1267	kaĺkkɜ	0
1276	käćɜ	0
1278	käčɜ	0
1279	kältä-	0
1280	kältɜ	0
1283	känɜ	0
1293	kečlɜ	0
1299	kentä	0
1319	kiśkɜ-	0
1326	koksɜ	1
1329	koĺa	0
1331	konɜ	0
1334	koske-	0
1337	kowtɜ	0
1341	kupɜ	0
1349	kuttɜ-	0
1355	kȣ̈čɜ-	0
1356	kȣ̈ĺćɜ	0
1357	kȣ̈ntɜ	0
1359	laδɜ	0
1373	läśä-	0
1375	lelɜ	1
1384	liskɜ	0
1385	liśtɜ-	0
1395	luškɜ-	0
1397	lȣkɜ-	0
1407	matɜ-	0
1414	merɜ	0
1415	mešɜ	0
1416	miškɜ	0
1417	močɜ	0
1425	neŋte	0
1437	nume	0
1438	nure-	0
1443	ńoča	0
1457	opśɜ	0
1463	pačkɜ-	0
1467	paše-	0
1468	pašɜ-	0
1471	pälä	0
1478	pelme	0
1479	peĺkkä	0
1480	perɜ-	0
1497	porńe	0
1499	portta	0
1500	porɜ	0
1508	pučɜ	0
1512	puntɜ	0
1516	pȣ̈kɜ	0
1521	rekɜ	0
1526	rita	0
1527	roška	0
1529	rȣ̈mɜ	0
1536	saptɜ-rɜ	0
1539	saśtɜ-	0
1545	säŋä	0
1551	setɜ	0
1553	silɜ	0
1554	simɜ	0
1560	sirɜ-	0
1561	sirɜ	0
1568	sompa	0
1570	soŋɜ-	0
1574	sowɜ	0
1575	sukɜ	0
1577	supsɜ-rɜ	0
1595	śoppɜ-sɜ	0
1598	śujɜ-	0
1614	širtɜ	0
1617	šoδ̕ɜ	0
1625	šuŋtɜ	0
1626	šȣwɜ	0
1630	taŋka	0
1637	täwe	0
1640	terɜ	0
1647	tokɜ-rɜ,	0
1650	toŋe-	0
1662	ulkɜ	0
1664	umrɜ	0
1670	uškɜ	0
1677	wačɜ	0
1698	wäke-	0
1699	wärkɜ	0
1704	weptɜ-	0
1709	wiča	0
1712	wiskɜ	0
1716	wortɜ-	0
33	attɜ-	0
42	ämɜ-rɜ-	0
113	čočɜ-	1
167	jälŋɜ	0
174	järmɜ	0
213	kaćɜ,	0
216	kačke	0
244	kappɜ	0
248	karɜ-	0
269	kärɜ	0
371	kottɜ	0
424	kurɜ	0
512	ĺekkɜ	0
515	ĺȣmɜ,	0
685	pačɜ	0
691	pajɜ	0
737	pekše	0
781	poča-	0
999	šärɜ	0
1082	tȣŋɜ-	0
1165	wońɜ	0
1234	iśɜ-	0
1251	josɜ	0
1261	kačɜ-	0
1321	koče-	0
1374	lećkɜ	0
1424	näćɜ-	0
1446	ńolkɜ,	0
1469	päče	0
1520	rećɜ	0
1566	sojɜ	0
1579	sȣ̈rɜ-	0
1654	tukɜ-	0
1660	tušɜ-	0
1674	waćɜ-	0
1718	ȣ̈štɜ-rɜ	0
23	apte	0
54	ćäćä	1
185	jitɜ	0
204	jȣčɜ	0
208	ȣ̈kɜ	0
234	kančɜ	0
338	kokśe	1
353	kopa-la	0
395	kumte	0
398	kunčɜ,	0
494	lujɜ	0
503	lȣppɜ	0
516	maća	0
526	mäkɜ	0
557	mučɜ	0
567	musɜ	0
579	mȣ̈rnɜ	0
601	noća	0
605	nusɜ	0
607	nȣjɜ-	0
675	oŋtɜ	0
680	owe	0
721	päkɜ	0
874	sapśɜ	0
983	śuma	0
986	śurme	0
1001	šäškä	1
1085	tȣ̈rkkɜ	0
1127	wäjä	0
1196	ćačɜ	0
1320	koče-	0
1324	koδ̕wa	0
1354	kȣppɜ	0
1358	lače-	0
1408	mäčke	0
1426	neskä-	0
1433	norja,	0
1474	pećä	0
1487	pirtä-	0
1510	puktɜ	0
1524	rine	0
1542	sawta,	0
1556	sintä-	0
1697	wäćkɜ	0
20	aŋɜ	0
55	ćäke	0
61	ćele-	0
97	čamče	0
114	čoka	0
115	čonče	0
163	jarɜ	0
198	junča,	0
214	kača	0
324	koća	0
369	kosɜ	0
375	kučɜ	0
376	kuδjɜ	0
388	kulta-	0
401	kunta	0
412	kupe	0
415	kupsa-	0
420	kurɜ	0
445	kȣ̈rɜ	0
457	lappa	0
476	leńćɜ,	0
487	lilɜ-	1
517	majδ̕a	0
627	ńile	0
654	ńȣnɜ	0
668	ona	0
689	paδ̕we	0
705	paŋka	0
718	päke	0
741	pelna	0
749	perma	0
783	počka	0
807	puδa-se	0
808	pujɜ	0
927	śala	0
963	śilä	0
989	śurɜ	0
997	šaŋɜ-	0
1023	talja	0
1092	umɜ	0
1109	wakla	0
1153	wirka	0
1158	wole	0
1171	wote	0
1175	wunčɜ	0
12	amɜ-	0
19	aŋtɜ	0
35	äćä	0
36	äčä	0
40	älɜ	0
82	ćȣjmɜ	0
86	ćȣrɜ	0
88	ćȣ̈ŋćɜ	0
131	ekä	0
149	imɜ	0
177	jäwje	0
199	junča,	0
203	juwɜ	0
205	jȣlɜ	0
290	kerkɜ	0
314	kirke-	0
329	koje	0
355	koppɜ	0
358	kora-	0
366	korɜ	0
368	koska	0
373	kućɜ	0
405	kunɜ-	0
435	kȣčɜ	0
437	kȣčɜ-	0
441	kȣŋkɜ	0
468	läwä	0
472	leke	0
499	luwe	0
513	ĺomćɜ	0
530	mäńćɜ,	0
537	mentä-	0
552	mortɜ	0
562	muŋkɜ	0
573	mȣrɜ	0
580	mȣ̈rɜ	0
596	nikkä-	0
604	nu-mɜ	0
614	ńäče	0
616	ńämɜ	0
618	ńeksɜ	0
652	ńȣmɜ	0
672	ońɜ	0
699	palɜ	0
734	peδpä	0
771	piŋse-me,	0
775	pišä-	0
793	ponča,	0
822	purɜ	0
828	putɜ	0
843	pȣ̈lɜ	0
863	rukɜ	0
880	säŋkɜ	0
885	sätɜ-,	0
890	seŋkɜ	0
915	suŋlɜ	0
944	śäčä	0
949	śänčɜ	0
952	śeδ̕mä	0
980	śuδ̕a	0
1027	tarkɜ	0
1089	ukɜ	0
1113	wamśɜ	0
1117	wańća,	0
1138	wenčɜ	0
1163	woĺɜ	0
236	kanta	0
838	pȣrɜ-	0
869	sajɜ	0
934	śarma	0
976	śona	0
1063	tońćɜ	0
1168	wopɜ	0
57	ćäptɜ	0
71	ćowja,	0
180	jelä	0
253	katɜ	0
296	kewe	0
361	korŋa-	0
378	kuδɜ	0
459	lapsɜ	0
548	molɜ	0
559	mukča-	0
624	ńikɜ-	0
632	ńola-	0
635	ńoma-	0
642	ńowŋa	0
786	pojta	0
788	poka	0
806	puδa	0
814	puńća	0
836	pȣńɜ-	0
887	sejpä	0
918	sȣtɜ	0
953	śelɜ-	0
973	śolče	0
987	śurme	0
1039	täŋɜ	0
1091	ulɜ	0
1095	urɜ-	0
1107	wajŋe	0
1116	wantɜ	0
